BioProject ID	Run ID	Organ	Stage-Cultivar	Experiment	Description
PRJNA262144	SRR1604976	Seed	embryo - CR3170	embryos-cultivars	RNA-seq of embryos from different cultivar
PRJNA262144	SRR1604973	Seed	embryo - CR3170	embryos-cultivars	RNA-seq of embryos from different cultivar
PRJNA262144	SRR1604978	Seed	embryo - CR3170	embryos-cultivars	RNA-seq of embryos from different cultivar
PRJNA262144	SRR1604996	Seed	embryo - CR3231	embryos-cultivars	RNA-seq of embryos from different cultivar
PRJNA262144	SRR1604998	Seed	embryo - CR3231	embryos-cultivars	RNA-seq of embryos from different cultivar
PRJNA262144	SRR1605000	Seed	embryo - CR3231	embryos-cultivars	RNA-seq of embryos from different cultivar
PRJNA277295	SRR1916242	Leaf	leaf	leafs-seeds	The transcriptome sequencing of leaves and seeds
PRJNA277295	SRR2016207	Seed	seed	leafs-seeds	The transcriptome sequencing of leaves and seeds
PRJNA285423	SRR2046992	Seed	seed 25d after flowering - R1	silique-seeds	The transcriptome sequencing of silique and seeds
PRJNA285423	SRR2046993	silique	silique pericarp 16d after flowering - R1	silique-seeds	The transcriptome sequencing of silique and seeds
PRJNA285423	SRR2046994	Seed	seed 25d after flowering - zy72360	silique-seeds	The transcriptome sequencing of silique and seeds
PRJNA285423	SRR2046995	silique	silique pericarp 16d after flowering - zy72360	silique-seeds	The transcriptome sequencing of silique and seeds
PRJNA311067	SRR3147783	Seed	seed 2 weeks after pollination	seeds	The transcriptome sequencing of seeds
PRJNA311067	SRR3147784	Seed	seed 4 weeks after pollination	seeds	The transcriptome sequencing of seeds
PRJNA311067	SRR3147785	Seed	seed 6 weeks after pollination	seeds	The transcriptome sequencing of seeds
PRJNA311067	SRR3147786	Seed	seed 8 weeks after pollination	seeds	The transcriptome sequencing of seeds
PRJNA338132	SRR5905522	Stem	shoot apexes - ZYZ108	hybrid vigor of allopolyploid (stem-flower)	The transcriptome sequencing of the two parents and their F1 hybrids
PRJNA338132	SRR5905523	flower	bud - ZY50	hybrid vigor of allopolyploid (stem-flower)	The transcriptome sequencing of the two parents and their F1 hybrids
PRJNA338132	SRR5905524	Stem	shoot apexes - ZYZ108	hybrid vigor of allopolyploid (stem-flower)	The transcriptome sequencing of the two parents and their F1 hybrids
PRJNA338132	SRR5905525	flower	bud - ZY50	hybrid vigor of allopolyploid (stem-flower)	The transcriptome sequencing of the two parents and their F1 hybrids
PRJNA338132	SRR5905526	flower	bud - ZYZ108	hybrid vigor of allopolyploid (stem-flower)	The transcriptome sequencing of the two parents and their F1 hybrids
PRJNA338132	SRR5905527	flower	bud - ZYZ108	hybrid vigor of allopolyploid (stem-flower)	The transcriptome sequencing of the two parents and their F1 hybrids
PRJNA338132	SRR5905528	Stem	shoot apexes - ZYZ108	hybrid vigor of allopolyploid (stem-flower)	The transcriptome sequencing of the two parents and their F1 hybrids
PRJNA338132	SRR5905529	Stem	shoot apexes - ZYZ108	hybrid vigor of allopolyploid (stem-flower)	The transcriptome sequencing of the two parents and their F1 hybrids
PRJNA338132	SRR5905530	Stem	shoot apexes - MB	hybrid vigor of allopolyploid (stem-flower)	The transcriptome sequencing of the two parents and their F1 hybrids
PRJNA338132	SRR5905531	Stem	shoot apexes - MB	hybrid vigor of allopolyploid (stem-flower)	The transcriptome sequencing of the two parents and their F1 hybrids
PRJNA338132	SRR5905532	Stem	shoot apexes - ZY50	hybrid vigor of allopolyploid (stem-flower)	The transcriptome sequencing of the two parents and their F1 hybrids
PRJNA338132	SRR5905533	Stem	shoot apexes - ZY50	hybrid vigor of allopolyploid (stem-flower)	The transcriptome sequencing of the two parents and their F1 hybrids
PRJNA338132	SRR5905537	Stem	shoot apexes - MB	hybrid vigor of allopolyploid (stem-flower)	The transcriptome sequencing of the two parents and their F1 hybrids
PRJNA338132	SRR5905538	flower	bud - MB	hybrid vigor of allopolyploid (stem-flower)	The transcriptome sequencing of the two parents and their F1 hybrids
PRJNA338132	SRR5905539	flower	bud - MB	hybrid vigor of allopolyploid (stem-flower)	The transcriptome sequencing of the two parents and their F1 hybrids
PRJNA338132	SRR5905540	Stem	shoot apexes - ZY50	hybrid vigor of allopolyploid (stem-flower)	The transcriptome sequencing of the two parents and their F1 hybrids
PRJNA338132	SRR5905541	Stem	shoot apexes - ZY50	hybrid vigor of allopolyploid (stem-flower)	The transcriptome sequencing of the two parents and their F1 hybrids
PRJNA362706	SRR5208529	flower	anther - Yudal	allopolyploid	Impact evaluation of homoeologous exchanges in gene expression in an allopolyploid crop
PRJNA362706	SRR5208530	flower	anther - Yudal	allopolyploid	Impact evaluation of homoeologous exchanges in gene expression in an allopolyploid crop
PRJNA362706	SRR5208534	flower	anther - Yudal	allopolyploid	Impact evaluation of homoeologous exchanges in gene expression in an allopolyploid crop
PRJNA362706	SRR5208536	flower	anther -Darmor-bzh	allopolyploid	Impact evaluation of homoeologous exchanges in gene expression in an allopolyploid crop
PRJNA362706	SRR5208537	flower	anther -Darmor-bzh	allopolyploid	Impact evaluation of homoeologous exchanges in gene expression in an allopolyploid crop
PRJNA362706	SRR5208538	flower	anther -Darmor-bzh	allopolyploid	Impact evaluation of homoeologous exchanges in gene expression in an allopolyploid crop
PRJNA362706	SRR5208540	flower	anther -Darmor-bzh	allopolyploid	Impact evaluation of homoeologous exchanges in gene expression in an allopolyploid crop
PRJNA378682	SRR5331895	Stem	stem - bolting stage	branch angle	The study of branch angle
PRJNA378682	SRR5331949	Stem	stem - bolting stage	branch angle	The study of branch angle
PRJNA378682	SRR5331950	Stem	stem - beginning of florescence	branch angle	The study of branch angle
PRJNA378682	SRR5331997	Stem	stem - beginning of florescence	branch angle	The study of branch angle
PRJNA390000	SRR5665895	Leaf	leaf	flowering time (leaf-stem)	The genetic architecture and gene regulation of flowering time
PRJNA390000	SRR5674588	Leaf	leaf	flowering time (leaf-stem)	The genetic architecture and gene regulation of flowering time
PRJNA390000	SRR5674589	Stem	shoot apexes	flowering time (leaf-stem)	The genetic architecture and gene regulation of flowering time
PRJNA390000	SRR5674590	Stem	shoot apexes	flowering time (leaf-stem)	The genetic architecture and gene regulation of flowering time
PRJNA470566	SRR7135733	Seed	endosperm - 9Y	endosperm development	Gene expression in developing rapeseed endosperms from reciprocal crosses between inbred lines YN171 and 93276
PRJNA470566	SRR7135734	Seed	endosperm - Y9	endosperm development	Gene expression in developing rapeseed endosperms from reciprocal crosses between inbred lines YN171 and 93277
PRJNA470566	SRR7135735	Seed	endosperm - Y9	endosperm development	Gene expression in developing rapeseed endosperms from reciprocal crosses between inbred lines YN171 and 93278
PRJNA470566	SRR7135736	Seed	endosperm - YN171	endosperm development	Gene expression in developing rapeseed endosperms from reciprocal crosses between inbred lines YN171 and 93279
PRJNA470566	SRR7135737	Seed	endosperm - YN171	endosperm development	Gene expression in developing rapeseed endosperms from reciprocal crosses between inbred lines YN171 and 93280
PRJNA470566	SRR7135738	Seed	endosperm - 93275	endosperm development	Gene expression in developing rapeseed endosperms from reciprocal crosses between inbred lines YN171 and 93281
PRJNA490162	SRR7814560	Root	Regal_30d	root development	Differences in root development in winter and spring canola
PRJNA490162	SRR7814561	Root	Wester_30d	root development	Differences in root development in winter and spring canola
PRJNA490162	SRR7814562	Root	Kanada_30d	root development	Differences in root development in winter and spring canola
PRJNA490162	SRR7814563	Root	Wester_30d	root development	Differences in root development in winter and spring canola
PRJNA490162	SRR7814564	Root	Kanada_30d	root development	Differences in root development in winter and spring canola
PRJNA490162	SRR7814565	Root	Wester_60d	root development	Differences in root development in winter and spring canola
PRJNA490162	SRR7814566	Root	Regal_30d	root development	Differences in root development in winter and spring canola
PRJNA490162	SRR7814567	Root	Wester_30d	root development	Differences in root development in winter and spring canola
PRJNA490162	SRR7814568	Root	Regal_60d	root development	Differences in root development in winter and spring canola
PRJNA490162	SRR7814569	Root	Lindora_30d	root development	Differences in root development in winter and spring canola
PRJNA490162	SRR7814570	Root	Regal_30d	root development	Differences in root development in winter and spring canola
PRJNA490162	SRR7814571	Root	Lindora_60d	root development	Differences in root development in winter and spring canola
PRJNA490162	SRR7814572	Root	Kanada_30d	root development	Differences in root development in winter and spring canola
PRJNA490162	SRR7814573	Root	Lindora_30d	root development	Differences in root development in winter and spring canola
PRJNA490162	SRR7814574	Root	Regal_60d	root development	Differences in root development in winter and spring canola
PRJNA490162	SRR7814575	Root	Kanada_60d	root development	Differences in root development in winter and spring canola
PRJNA490162	SRR7814576	Root	Kanada_60d	root development	Differences in root development in winter and spring canola
PRJNA490162	SRR7814577	Root	Kanada_30d	root development	Differences in root development in winter and spring canola
PRJNA490162	SRR7814579	Root	Regal_60d	root development	Differences in root development in winter and spring canola
PRJNA490162	SRR7814580	Root	Kanada_60d	root development	Differences in root development in winter and spring canola
PRJNA490162	SRR7814581	Root	Kanada_60d	root development	Differences in root development in winter and spring canola
PRJNA492185	SRR7880321	silique	silique - 30 DAF	silique development	The transcriptome from B. napus seeds in different developmental stages
PRJNA492185	SRR7880322	silique	silique- 40 DAF	silique development	The transcriptome from B. napus seeds in different developmental stages
PRJNA492185	SRR7880323	silique	silique - 25 DAF	silique development	The transcriptome from B. napus seeds in different developmental stages
PRJNA492185	SRR7880324	silique	silique - 25 DAF	silique development	The transcriptome from B. napus seeds in different developmental stages
PRJNA492185	SRR7880325	silique	silique - 30 DAF	silique development	The transcriptome from B. napus seeds in different developmental stages
PRJNA492185	SRR7880326	silique	silique - 30 DAF	silique development	The transcriptome from B. napus seeds in different developmental stages
PRJNA492185	SRR7880327	silique	silique - 10-20 DAF	silique development	The transcriptome from B. napus seeds in different developmental stages
PRJNA492185	SRR7880328	silique	silique - 10-20 DAF	silique development	The transcriptome from B. napus seeds in different developmental stages
PRJNA492185	SRR7880329	silique	silique - 10-20 DAF	silique development	The transcriptome from B. napus seeds in different developmental stages
PRJNA492185	SRR7880330	silique	silique - 25 DAF	silique development	The transcriptome from B. napus seeds in different developmental stages
PRJNA492185	SRR7880332	silique	silique - 30 DAF	silique development	The transcriptome from B. napus seeds in different developmental stages
PRJNA492185	SRR7880333	silique	silique - 40 DAF	silique development	The transcriptome from B. napus seeds in different developmental stages
PRJNA492185	SRR7880334	silique	silique - 10-20 DAF	silique development	The transcriptome from B. napus seeds in different developmental stages
PRJNA492185	SRR7880336	silique	silique - 10-20 DAF	silique development	The transcriptome from B. napus seeds in different developmental stages
PRJNA492185	SRR7880338	silique	silique - 25 DAF	silique development	The transcriptome from B. napus seeds in different developmental stages
PRJNA492185	SRR7880339	silique	silique - 25 DAF	silique development	The transcriptome from B. napus seeds in different developmental stages
PRJNA492185	SRR7880340	silique	silique - 30 DAF	silique development	The transcriptome from B. napus seeds in different developmental stages
PRJNA502996	SRR8138193	flower	anther - Shaan2B	Cytoplasmic male sterility (CMS-anther-bulb)	Transcriptomic analysis of Shaan2A CMS in Brassica napus.
PRJNA502996	SRR8138194	flower	anther - Shaan2A	Cytoplasmic male sterility (CMS-anther-bulb)	Transcriptomic analysis of Shaan2A CMS in Brassica napus.
PRJNA502996	SRR8138195	flower	bud - Shaan2B	Cytoplasmic male sterility (CMS-anther-bulb)	Transcriptomic analysis of Shaan2A CMS in Brassica napus.
PRJNA502996	SRR8138196	flower	bud - Shaan2A	Cytoplasmic male sterility (CMS-anther-bulb)	Transcriptomic analysis of Shaan2A CMS in Brassica napus.
PRJNA502996	SRR8138197	flower	bud - Shaan2A	Cytoplasmic male sterility (CMS-anther-bulb)	Transcriptomic analysis of Shaan2A CMS in Brassica napus.
PRJNA502996	SRR8138198	flower	bud - Shaan2A	Cytoplasmic male sterility (CMS-anther-bulb)	Transcriptomic analysis of Shaan2A CMS in Brassica napus.
PRJNA502996	SRR8138199	flower	anther - Shaan2A	Cytoplasmic male sterility (CMS-anther-bulb)	Transcriptomic analysis of Shaan2A CMS in Brassica napus.
PRJNA502996	SRR8138200	flower	anther - Shaan2A	Cytoplasmic male sterility (CMS-anther-bulb)	Transcriptomic analysis of Shaan2A CMS in Brassica napus.
PRJNA502996	SRR8138201	flower	bud - Shaan2B	Cytoplasmic male sterility (CMS-anther-bulb)	Transcriptomic analysis of Shaan2A CMS in Brassica napus.
PRJNA502996	SRR8138202	flower	bud - Shaan2B	Cytoplasmic male sterility (CMS-anther-bulb)	Transcriptomic analysis of Shaan2A CMS in Brassica napus.
PRJNA502996	SRR8138203	flower	anther - Shaan2B	Cytoplasmic male sterility (CMS-anther-bulb)	Transcriptomic analysis of Shaan2A CMS in Brassica napus.
PRJNA502996	SRR8138204	flower	anther - Shaan2B	Cytoplasmic male sterility (CMS-anther-bulb)	Transcriptomic analysis of Shaan2A CMS in Brassica napus.
PRJNA507497	SRR8477017	flower	bud - highTPC - YC33 (10–1047)	thickness of pod canopy (TPC-stem-flower)	RNA profiling of two groups of oilseed rape lines with significantly different TPC at the bolting with tiny flower bud stage
PRJNA507497	SRR8477018	Stem	shoot apexes - highTPC - YC33 (10–1047)	thickness of pod canopy (TPC-stem-flower)	RNA profiling of two groups of oilseed rape lines with significantly different TPC at the bolting with tiny flower bud stage
PRJNA507497	SRR8477019	flower	bud - lowRPC - YC15 (Zhongyou821)	thickness of pod canopy (TPC-stem-flower)	RNA profiling of two groups of oilseed rape lines with significantly different TPC at the bolting with tiny flower bud stage
PRJNA507497	SRR8477020	Stem	shoot apexes - lowTPC - YC15 (Zhongyou821)	thickness of pod canopy (TPC-stem-flower)	RNA profiling of two groups of oilseed rape lines with significantly different TPC at the bolting with tiny flower bud stage
PRJNA507497	SRR8477021	flower	bud - lowTPC - YC11 (Zhongshuang11)	thickness of pod canopy (TPC-stem-flower)	RNA profiling of two groups of oilseed rape lines with significantly different TPC at the bolting with tiny flower bud stage
PRJNA507497	SRR8477022	Stem	shoot apexes - lowTPC - YC11 (Zhongshuang11)	thickness of pod canopy (TPC-stem-flower)	RNA profiling of two groups of oilseed rape lines with significantly different TPC at the bolting with tiny flower bud stage
PRJNA507497	SRR8477029	flower	bud - highTPC - YC4 (SWU71)	thickness of pod canopy (TPC-stem-flower)	RNA profiling of two groups of oilseed rape lines with significantly different TPC at the bolting with tiny flower bud stage
PRJNA507497	SRR8477030	Stem	shoot apexes - highTPC - YC4 (SWU71)	thickness of pod canopy (TPC-stem-flower)	RNA profiling of two groups of oilseed rape lines with significantly different TPC at the bolting with tiny flower bud stage
PRJNA507497	SRR8477031	flower	bud - highTPC - YC33 (10–1047)	thickness of pod canopy (TPC-stem-flower)	RNA profiling of two groups of oilseed rape lines with significantly different TPC at the bolting with tiny flower bud stage
PRJNA507497	SRR8477032	Stem	shoot apexes - highTPC - YC33 (10–1047)	thickness of pod canopy (TPC-stem-flower)	RNA profiling of two groups of oilseed rape lines with significantly different TPC at the bolting with tiny flower bud stage
PRJNA507497	SRR8477033	flower	bud - lowTPC - YC15 (Zhongyou821)	thickness of pod canopy (TPC-stem-flower)	RNA profiling of two groups of oilseed rape lines with significantly different TPC at the bolting with tiny flower bud stage
PRJNA507497	SRR8477034	Stem	shoot apexes - lowTPC - YC15 (Zhongyou821)	thickness of pod canopy (TPC-stem-flower)	RNA profiling of two groups of oilseed rape lines with significantly different TPC at the bolting with tiny flower bud stage
PRJNA507497	SRR8477035	flower	bud - lowTPC - YC11 (Zhongshuang11)	thickness of pod canopy (TPC-stem-flower)	RNA profiling of two groups of oilseed rape lines with significantly different TPC at the bolting with tiny flower bud stage
PRJNA507497	SRR8477036	Stem	shoot apexes - lowTPC - YC11 (Zhongshuang11)	thickness of pod canopy (TPC-stem-flower)	RNA profiling of two groups of oilseed rape lines with significantly different TPC at the bolting with tiny flower bud stage
PRJNA507497	SRR8477037	flower	bud - highTPC - YC4 (SWU71)	thickness of pod canopy (TPC-stem-flower)	RNA profiling of two groups of oilseed rape lines with significantly different TPC at the bolting with tiny flower bud stage
PRJNA507497	SRR8477038	Stem	shoot apexes - highTPC - YC4 (SWU71)	thickness of pod canopy (TPC-stem-flower)	RNA profiling of two groups of oilseed rape lines with significantly different TPC at the bolting with tiny flower bud stage
PRJNA540020	SRR9038792	Leaf	leaf-reproductive-EV	flowering time	The transcriptome sequencing in related to flowering time
PRJNA540020	SRR9038793	Leaf	leaf-reproductive-LV	flowering time	The transcriptome sequencing in related to flowering time
PRJNA540020	SRR9038794	Leaf	leaf-vegetative-ER	flowering time	The transcriptome sequencing in related to flowering time
PRJNA540020	SRR9038795	Leaf	leaf-vegetative-LR	flowering time	The transcriptome sequencing in related to flowering time
PRJNA540020	SRR9038796	Leaf	leaf-reproductive-EV	flowering time	The transcriptome sequencing in related to flowering time
PRJNA540020	SRR9038797	Leaf	leaf-reproductive-LV	flowering time	The transcriptome sequencing in related to flowering time
PRJNA540020	SRR9038798	Leaf	leaf-vegetative-ER	flowering time	The transcriptome sequencing in related to flowering time
PRJNA540020	SRR9038799	Leaf	leaf-vegetative-LR	flowering time	The transcriptome sequencing in related to flowering time
PRJNA564836	SRR10096781	Seed	seeds at 0 HAI	germination process	Comparative transcriptomic analyses of Winter OilSeed Rape (WOSR) accessions during the germination process
PRJNA564836	SRR10096782	Seed	seeds at 2 HAI	germination process	Comparative transcriptomic analyses of Winter OilSeed Rape (WOSR) accessions during the germination process
PRJNA564836	SRR10096783	Seed	seeds at 12 HAI	germination process	Comparative transcriptomic analyses of Winter OilSeed Rape (WOSR) accessions during the germination process
PRJNA564836	SRR10096784	Seed	seeds at 36 HAI	germination process	Comparative transcriptomic analyses of Winter OilSeed Rape (WOSR) accessions during the germination process
PRJNA564836	SRR10096785	Seed	seeds at 72 HAI	germination process	Comparative transcriptomic analyses of Winter OilSeed Rape (WOSR) accessions during the germination process
PRJNA564836	SRR10096786	Seed	seeds at 0 HAI	germination process	Comparative transcriptomic analyses of Winter OilSeed Rape (WOSR) accessions during the germination process
PRJNA564836	SRR10096787	Seed	seeds at 2 HAI	germination process	Comparative transcriptomic analyses of Winter OilSeed Rape (WOSR) accessions during the germination process
PRJNA564836	SRR10096788	Seed	seeds at 12 HAI	germination process	Comparative transcriptomic analyses of Winter OilSeed Rape (WOSR) accessions during the germination process
PRJNA564836	SRR10096789	Seed	seeds at 36 HAI	germination process	Comparative transcriptomic analyses of Winter OilSeed Rape (WOSR) accessions during the germination process
PRJNA564836	SRR10096790	Seed	seeds at 72 HAI	germination process	Comparative transcriptomic analyses of Winter OilSeed Rape (WOSR) accessions during the germination process
PRJNA564836	SRR10096791	Seed	seeds at 0 HAI	germination process	Comparative transcriptomic analyses of Winter OilSeed Rape (WOSR) accessions during the germination process
PRJNA564836	SRR10096792	Seed	seeds at 2 HAI	germination process	Comparative transcriptomic analyses of Winter OilSeed Rape (WOSR) accessions during the germination process
PRJNA564836	SRR10096793	Seed	seeds at 12 HAI	germination process	Comparative transcriptomic analyses of Winter OilSeed Rape (WOSR) accessions during the germination process
PRJNA564836	SRR10096794	Seed	seeds at 36 HAI	germination process	Comparative transcriptomic analyses of Winter OilSeed Rape (WOSR) accessions during the germination process
PRJNA564836	SRR10096795	Seed	seeds at 72 HAI	germination process	Comparative transcriptomic analyses of Winter OilSeed Rape (WOSR) accessions during the germination process
PRJNA528167	SRR8770976	Leaf	NewHakuranS6	leaf-cultivars	RNA-seq of leaf from different cultivar
PRJNA528167	SRR8770977	Leaf	NevinS8	leaf-cultivars	RNA-seq of leaf from different cultivar
PRJNA528167	SRR8770978	Leaf	Major	leaf-cultivars	RNA-seq of leaf from different cultivar
PRJNA528167	SRR8770979	Leaf	MagnificentS7	leaf-cultivars	RNA-seq of leaf from different cultivar
PRJNA528167	SRR8770980	Leaf	KubanskijS7	leaf-cultivars	RNA-seq of leaf from different cultivar
PRJNA528167	SRR8770981	Leaf	KavlaPodzemnaRumenaMaslena	leaf-cultivars	RNA-seq of leaf from different cultivar
PRJNA528167	SRR8770982	Leaf	Judzae	leaf-cultivars	RNA-seq of leaf from different cultivar
PRJNA528167	SRR8770983	Leaf	Imola	leaf-cultivars	RNA-seq of leaf from different cultivar
PRJNA528167	SRR8770984	Leaf	HermesS7	leaf-cultivars	RNA-seq of leaf from different cultivar
PRJNA528167	SRR8770985	Leaf	Hanna	leaf-cultivars	RNA-seq of leaf from different cultivar
PRJNA528167	SRR8770986	Leaf	GulleS8	leaf-cultivars	RNA-seq of leaf from different cultivar
PRJNA528167	SRR8770987	Leaf	Guelzower	leaf-cultivars	RNA-seq of leaf from different cultivar
PRJNA528167	SRR8770988	Leaf	ClubrotResistantS7	leaf-cultivars	RNA-seq of leaf from different cultivar
PRJNA528167	SRR8770989	Leaf	Ceska	leaf-cultivars	RNA-seq of leaf from different cultivar
PRJNA528167	SRR8770990	Leaf	DalaTrifoliumS7	leaf-cultivars	RNA-seq of leaf from different cultivar
PRJNA528167	SRR8770991	Leaf	ColumbusxNickel	leaf-cultivars	RNA-seq of leaf from different cultivar
PRJNA528167	SRR8770992	Leaf	BryanxFortress	leaf-cultivars	RNA-seq of leaf from different cultivar
PRJNA528167	SRR8770993	Leaf	AngusS7	leaf-cultivars	RNA-seq of leaf from different cultivar
PRJNA528167	SRR8770994	Leaf	Capricorn	leaf-cultivars	RNA-seq of leaf from different cultivar
PRJNA528167	SRR8770995	Leaf	CapitolxMohican	leaf-cultivars	RNA-seq of leaf from different cultivar
PRJNA528167	SRR8770996	Leaf	Shen-LiJutsajS8	leaf-cultivars	RNA-seq of leaf from different cultivar
PRJNA528167	SRR8770997	Leaf	TaiwanS7	leaf-cultivars	RNA-seq of leaf from different cultivar
PRJNA528167	SRR8770998	Leaf	RocketPSTxLizard	leaf-cultivars	RNA-seq of leaf from different cultivar
PRJNA528167	SRR8770999	Leaf	Shang-YouS7	leaf-cultivars	RNA-seq of leaf from different cultivar
PRJNA528167	SRR8771000	Leaf	RanakaalrotS7	leaf-cultivars	RNA-seq of leaf from different cultivar
PRJNA528167	SRR8771001	Leaf	RapolS7	leaf-cultivars	RNA-seq of leaf from different cultivar
PRJNA528167	SRR8771002	Leaf	PI169083S7	leaf-cultivars	RNA-seq of leaf from different cultivar
PRJNA528167	SRR8771003	Leaf	PrimorS7	leaf-cultivars	RNA-seq of leaf from different cultivar
PRJNA528167	SRR8771004	Leaf	TequillaxAragon	leaf-cultivars	RNA-seq of leaf from different cultivar
PRJNA528167	SRR8771005	Leaf	VictorS7	leaf-cultivars	RNA-seq of leaf from different cultivar
PRJNA661261	SRR12582029	seed	30th day after flower - N53-2	oil content	Transcriptome sequencing of two parents during flowering
PRJNA661261	SRR12582026	seed	30th day after flower - N53-2	oil content	Transcriptome sequencing of two parents during flowering
PRJNA661261	SRR12582025	seed	30th day after flower - N53-2	oil content	Transcriptome sequencing of two parents during flowering
PRJNA661261	SRR12582030	seed	30th day after flower - KenC-8	oil content	Transcriptome sequencing of two parents during flowering
PRJNA661261	SRR12582028	seed	30th day after flower - KenC-8	oil content	Transcriptome sequencing of two parents during flowering
PRJNA661261	SRR12582027	seed	30th day after flower - KenC-8	oil content	Transcriptome sequencing of two parents during flowering
PRJNA700104	SRR13674371	leaves	reproductive growth period - ZBG032	purple leaf	RNA Sequencing of leaves at the vegetative stage (six-leaf stage) and reproductive growth period (growth and development period)
PRJNA700104	SRR13674369	leaves	reproductive growth period - ZBG032	purple leaf	RNA Sequencing of leaves at the vegetative stage (six-leaf stage) and reproductive growth period (growth and development period)
PRJNA700104	SRR13674367	leaves	reproductive growth period - ZBG032	purple leaf	RNA Sequencing of leaves at the vegetative stage (six-leaf stage) and reproductive growth period (growth and development period)
PRJNA700104	SRR13674366	leaves	reproductive growth period - ZBG030	purple leaf	RNA Sequencing of leaves at the vegetative stage (six-leaf stage) and reproductive growth period (growth and development period)
PRJNA700104	SRR13674360	leaves	reproductive growth period - ZBG030	purple leaf	RNA Sequencing of leaves at the vegetative stage (six-leaf stage) and reproductive growth period (growth and development period)
PRJNA700104	SRR13674359	leaves	reproductive growth period - ZBG030	purple leaf	RNA Sequencing of leaves at the vegetative stage (six-leaf stage) and reproductive growth period (growth and development period)
PRJNA700104	SRR13674357	leaves	reproductive growth period - ZBG007	purple leaf	RNA Sequencing of leaves at the vegetative stage (six-leaf stage) and reproductive growth period (growth and development period)
PRJNA700104	SRR13674355	leaves	reproductive growth period - ZBG007	purple leaf	RNA Sequencing of leaves at the vegetative stage (six-leaf stage) and reproductive growth period (growth and development period)
PRJNA700104	SRR13674350	leaves	reproductive growth period - ZBG007	purple leaf	RNA Sequencing of leaves at the vegetative stage (six-leaf stage) and reproductive growth period (growth and development period)
PRJNA700104	SRR13674347	leaves	reproductive growth period - ZBG006	purple leaf	RNA Sequencing of leaves at the vegetative stage (six-leaf stage) and reproductive growth period (growth and development period)
PRJNA700104	SRR13674345	leaves	reproductive growth period - ZBG006	purple leaf	RNA Sequencing of leaves at the vegetative stage (six-leaf stage) and reproductive growth period (growth and development period)
PRJNA700104	SRR13674343	leaves	reproductive growth period - ZBG006	purple leaf	RNA Sequencing of leaves at the vegetative stage (six-leaf stage) and reproductive growth period (growth and development period)
PRJNA700104	SRR13674341	leaves	reproductive growth period - ZBJ472	purple leaf	RNA Sequencing of leaves at the vegetative stage (six-leaf stage) and reproductive growth period (growth and development period)
PRJNA700104	SRR13674337	leaves	reproductive growth period - ZBJ472	purple leaf	RNA Sequencing of leaves at the vegetative stage (six-leaf stage) and reproductive growth period (growth and development period)
PRJNA700104	SRR13674335	leaves	reproductive growth period - ZBJ472	purple leaf	RNA Sequencing of leaves at the vegetative stage (six-leaf stage) and reproductive growth period (growth and development period)
PRJNA700104	SRR13674334	leaves	reproductive growth period - ZBJ470	purple leaf	RNA Sequencing of leaves at the vegetative stage (six-leaf stage) and reproductive growth period (growth and development period)
PRJNA700104	SRR13674333	leaves	reproductive growth period - ZBJ470	purple leaf	RNA Sequencing of leaves at the vegetative stage (six-leaf stage) and reproductive growth period (growth and development period)
PRJNA700104	SRR13674331	leaves	reproductive growth period - ZBJ470	purple leaf	RNA Sequencing of leaves at the vegetative stage (six-leaf stage) and reproductive growth period (growth and development period)
PRJNA700104	SRR13674329	leaves	reproductive growth period - ZBJ469	purple leaf	RNA Sequencing of leaves at the vegetative stage (six-leaf stage) and reproductive growth period (growth and development period)
PRJNA700104	SRR13674327	leaves	reproductive growth period - ZBJ469	purple leaf	RNA Sequencing of leaves at the vegetative stage (six-leaf stage) and reproductive growth period (growth and development period)
PRJNA700104	SRR13674325	leaves	reproductive growth period - ZBJ469	purple leaf	RNA Sequencing of leaves at the vegetative stage (six-leaf stage) and reproductive growth period (growth and development period)
PRJNA700104	SRR13674324	leaves	reproductive growth period - ZBJ468	purple leaf	RNA Sequencing of leaves at the vegetative stage (six-leaf stage) and reproductive growth period (growth and development period)
PRJNA700104	SRR13674370	leaves	reproductive growth period - ZBJ468	purple leaf	RNA Sequencing of leaves at the vegetative stage (six-leaf stage) and reproductive growth period (growth and development period)
PRJNA700104	SRR13674368	leaves	reproductive growth period - ZBJ468	purple leaf	RNA Sequencing of leaves at the vegetative stage (six-leaf stage) and reproductive growth period (growth and development period)
PRJNA700104	SRR13674365	leaves	vegetative stage - ZBJ472	purple leaf	RNA Sequencing of leaves at the vegetative stage (six-leaf stage) and reproductive growth period (growth and development period)
PRJNA700104	SRR13674364	leaves	vegetative stage - ZBJ472	purple leaf	RNA Sequencing of leaves at the vegetative stage (six-leaf stage) and reproductive growth period (growth and development period)
PRJNA700104	SRR13674363	leaves	vegetative stage - ZBJ472	purple leaf	RNA Sequencing of leaves at the vegetative stage (six-leaf stage) and reproductive growth period (growth and development period)
PRJNA700104	SRR13674362	leaves	vegetative stage - ZBJ469	purple leaf	RNA Sequencing of leaves at the vegetative stage (six-leaf stage) and reproductive growth period (growth and development period)
PRJNA700104	SRR13674361	leaves	vegetative stage - ZBJ469	purple leaf	RNA Sequencing of leaves at the vegetative stage (six-leaf stage) and reproductive growth period (growth and development period)
PRJNA700104	SRR13674358	leaves	vegetative stage - ZBJ469	purple leaf	RNA Sequencing of leaves at the vegetative stage (six-leaf stage) and reproductive growth period (growth and development period)
PRJNA700104	SRR13674356	leaves	vegetative stage - ZBJ470	purple leaf	RNA Sequencing of leaves at the vegetative stage (six-leaf stage) and reproductive growth period (growth and development period)
PRJNA700104	SRR13674354	leaves	vegetative stage - ZBJ470	purple leaf	RNA Sequencing of leaves at the vegetative stage (six-leaf stage) and reproductive growth period (growth and development period)
PRJNA700104	SRR13674353	leaves	vegetative stage - ZBJ470	purple leaf	RNA Sequencing of leaves at the vegetative stage (six-leaf stage) and reproductive growth period (growth and development period)
PRJNA700104	SRR13674352	leaves	vegetative stage - ZBJ468	purple leaf	RNA Sequencing of leaves at the vegetative stage (six-leaf stage) and reproductive growth period (growth and development period)
PRJNA700104	SRR13674351	leaves	vegetative stage - ZBJ468	purple leaf	RNA Sequencing of leaves at the vegetative stage (six-leaf stage) and reproductive growth period (growth and development period)
PRJNA700104	SRR13674349	leaves	vegetative stage - ZBJ468	purple leaf	RNA Sequencing of leaves at the vegetative stage (six-leaf stage) and reproductive growth period (growth and development period)
PRJNA700104	SRR13674348	leaves	vegetative stage - ZBG032	purple leaf	RNA Sequencing of leaves at the vegetative stage (six-leaf stage) and reproductive growth period (growth and development period)
PRJNA700104	SRR13674346	leaves	vegetative stage - ZBG032	purple leaf	RNA Sequencing of leaves at the vegetative stage (six-leaf stage) and reproductive growth period (growth and development period)
PRJNA700104	SRR13674344	leaves	vegetative stage - ZBG032	purple leaf	RNA Sequencing of leaves at the vegetative stage (six-leaf stage) and reproductive growth period (growth and development period)
PRJNA700104	SRR13674342	leaves	vegetative stage - ZBG030	purple leaf	RNA Sequencing of leaves at the vegetative stage (six-leaf stage) and reproductive growth period (growth and development period)
PRJNA700104	SRR13674340	leaves	vegetative stage - ZBG030	purple leaf	RNA Sequencing of leaves at the vegetative stage (six-leaf stage) and reproductive growth period (growth and development period)
PRJNA700104	SRR13674339	leaves	vegetative stage - ZBG030	purple leaf	RNA Sequencing of leaves at the vegetative stage (six-leaf stage) and reproductive growth period (growth and development period)
PRJNA700104	SRR13674338	leaves	vegetative stage - ZBG007	purple leaf	RNA Sequencing of leaves at the vegetative stage (six-leaf stage) and reproductive growth period (growth and development period)
PRJNA700104	SRR13674336	leaves	vegetative stage - ZBG007	purple leaf	RNA Sequencing of leaves at the vegetative stage (six-leaf stage) and reproductive growth period (growth and development period)
PRJNA700104	SRR13674332	leaves	vegetative stage - ZBG007	purple leaf	RNA Sequencing of leaves at the vegetative stage (six-leaf stage) and reproductive growth period (growth and development period)
PRJNA700104	SRR13674330	leaves	vegetative stage - ZBG006	purple leaf	RNA Sequencing of leaves at the vegetative stage (six-leaf stage) and reproductive growth period (growth and development period)
PRJNA700104	SRR13674328	leaves	vegetative stage - ZBG006	purple leaf	RNA Sequencing of leaves at the vegetative stage (six-leaf stage) and reproductive growth period (growth and development period)
PRJNA700104	SRR13674326	leaves	vegetative stage - ZBG006	purple leaf	RNA Sequencing of leaves at the vegetative stage (six-leaf stage) and reproductive growth period (growth and development period)
PRJNA602979	SRR11002517	stem	YN24-0J-stem	Harvest index (HI-stem-leaaf-silique-seed)	mRNA profiling to identify genes and pathways involved Harvest index (HI) formation in B.napus
PRJNA602979	SRR11002516	stem	YN24-0J-stem	Harvest index (HI-stem-leaaf-silique-seed)	mRNA profiling to identify genes and pathways involved Harvest index (HI) formation in B.napus
PRJNA602979	SRR11002515	stem	YN46-0J-stem	Harvest index (HI-stem-leaaf-silique-seed)	mRNA profiling to identify genes and pathways involved Harvest index (HI) formation in B.napus
PRJNA602979	SRR11002514	stem	YN46-0J-stem	Harvest index (HI-stem-leaaf-silique-seed)	mRNA profiling to identify genes and pathways involved Harvest index (HI) formation in B.napus
PRJNA602979	SRR11002513	stem	YN46-30J-stem	Harvest index (HI-stem-leaaf-silique-seed)	mRNA profiling to identify genes and pathways involved Harvest index (HI) formation in B.napus
PRJNA602979	SRR11002512	stem	YN46-30J-stem	Harvest index (HI-stem-leaaf-silique-seed)	mRNA profiling to identify genes and pathways involved Harvest index (HI) formation in B.napus
PRJNA602979	SRR11002511	silique pericarp on main inflorescence	YN46-30ZP-silique-inflorescence	Harvest index (HI-stem-leaaf-silique-seed)	mRNA profiling to identify genes and pathways involved Harvest index (HI) formation in B.napus
PRJNA602979	SRR11002510	silique pericarp on main inflorescence	YN46-30ZP-silique-inflorescence	Harvest index (HI-stem-leaaf-silique-seed)	mRNA profiling to identify genes and pathways involved Harvest index (HI) formation in B.napus
PRJNA602979	SRR11002509	seed on main inflorescence	YN46-30ZS-seed-inflorescence	Harvest index (HI-stem-leaaf-silique-seed)	mRNA profiling to identify genes and pathways involved Harvest index (HI) formation in B.napus
PRJNA602979	SRR11002508	seed on main inflorescence	YN46-30ZS-seed-inflorescence	Harvest index (HI-stem-leaaf-silique-seed)	mRNA profiling to identify genes and pathways involved Harvest index (HI) formation in B.napus
PRJNA602979	SRR11002507	leaf	YN46-L-leaf	Harvest index (HI-stem-leaaf-silique-seed)	mRNA profiling to identify genes and pathways involved Harvest index (HI) formation in B.napus
PRJNA602979	SRR11002506	leaf	YN46-L-leaf	Harvest index (HI-stem-leaaf-silique-seed)	mRNA profiling to identify genes and pathways involved Harvest index (HI) formation in B.napus
PRJNA602979	SRR11002505	stem	YN24-30J-stem	Harvest index (HI-stem-leaaf-silique-seed)	mRNA profiling to identify genes and pathways involved Harvest index (HI) formation in B.napus
PRJNA602979	SRR11002504	stem	YN52-0J-stem	Harvest index (HI-stem-leaaf-silique-seed)	mRNA profiling to identify genes and pathways involved Harvest index (HI) formation in B.napus
PRJNA602979	SRR11002503	stem	YN52-0J-stem	Harvest index (HI-stem-leaaf-silique-seed)	mRNA profiling to identify genes and pathways involved Harvest index (HI) formation in B.napus
PRJNA602979	SRR11002502	stem	YN52-30J-stem	Harvest index (HI-stem-leaaf-silique-seed)	mRNA profiling to identify genes and pathways involved Harvest index (HI) formation in B.napus
PRJNA602979	SRR11002501	stem	YN52-30J-stem	Harvest index (HI-stem-leaaf-silique-seed)	mRNA profiling to identify genes and pathways involved Harvest index (HI) formation in B.napus
PRJNA602979	SRR11002500	silique pericarp on main inflorescence	YN52-30ZP-silique-inflorescence	Harvest index (HI-stem-leaaf-silique-seed)	mRNA profiling to identify genes and pathways involved Harvest index (HI) formation in B.napus
PRJNA602979	SRR11002499	silique pericarp on main inflorescence	YN52-30ZP-silique-inflorescence	Harvest index (HI-stem-leaaf-silique-seed)	mRNA profiling to identify genes and pathways involved Harvest index (HI) formation in B.napus
PRJNA602979	SRR11002498	seed on main inflorescence	YN52-30ZS-seed-inflorescence	Harvest index (HI-stem-leaaf-silique-seed)	mRNA profiling to identify genes and pathways involved Harvest index (HI) formation in B.napus
PRJNA602979	SRR11002497	seed on main inflorescence	YN52-30ZS-seed-inflorescence	Harvest index (HI-stem-leaaf-silique-seed)	mRNA profiling to identify genes and pathways involved Harvest index (HI) formation in B.napus
PRJNA602979	SRR11002496	leaf	YN52-L-leaf	Harvest index (HI-stem-leaaf-silique-seed)	mRNA profiling to identify genes and pathways involved Harvest index (HI) formation in B.napus
PRJNA602979	SRR11002495	leaf	YN52-L-leaf	Harvest index (HI-stem-leaaf-silique-seed)	mRNA profiling to identify genes and pathways involved Harvest index (HI) formation in B.napus
PRJNA602979	SRR11002494	stem	YN24-30J-stem	Harvest index (HI-stem-leaaf-silique-seed)	mRNA profiling to identify genes and pathways involved Harvest index (HI) formation in B.napus
PRJNA602979	SRR11002493	silique pericarp on main inflorescence	YN24-30ZP-silique-inflorescence	Harvest index (HI-stem-leaaf-silique-seed)	mRNA profiling to identify genes and pathways involved Harvest index (HI) formation in B.napus
PRJNA602979	SRR11002492	silique pericarp on main inflorescence	YN24-30ZP-silique-inflorescence	Harvest index (HI-stem-leaaf-silique-seed)	mRNA profiling to identify genes and pathways involved Harvest index (HI) formation in B.napus
PRJNA602979	SRR11002491	seed on main inflorescence	YN24-30ZS-seed-inflorescence	Harvest index (HI-stem-leaaf-silique-seed)	mRNA profiling to identify genes and pathways involved Harvest index (HI) formation in B.napus
PRJNA602979	SRR11002490	seed on main inflorescence	YN24-30ZS-seed-inflorescence	Harvest index (HI-stem-leaaf-silique-seed)	mRNA profiling to identify genes and pathways involved Harvest index (HI) formation in B.napus
PRJNA602979	SRR11002489	leaf	YN24-L-leaf	Harvest index (HI-stem-leaaf-silique-seed)	mRNA profiling to identify genes and pathways involved Harvest index (HI) formation in B.napus
PRJNA602979	SRR11002488	leaf	YN24-L-leaf	Harvest index (HI-stem-leaaf-silique-seed)	mRNA profiling to identify genes and pathways involved Harvest index (HI) formation in B.napus
PRJNA602979	SRR11002717	stem	CQ46-30J-stem	Harvest index (HI-stem-leaaf-silique-seed)	mRNA profiling to identify genes and pathways involved Harvest index (HI) formation in B.napus
PRJNA602979	SRR11002716	stem	CQ46-30J-stem	Harvest index (HI-stem-leaaf-silique-seed)	mRNA profiling to identify genes and pathways involved Harvest index (HI) formation in B.napus
PRJNA602979	SRR11002715	silique pericarp on main inflorescence	CQ46-30ZP-silique-inflorescence	Harvest index (HI-stem-leaaf-silique-seed)	mRNA profiling to identify genes and pathways involved Harvest index (HI) formation in B.napus
PRJNA602979	SRR11002714	silique pericarp on main inflorescence	CQ46-30ZP-silique-inflorescence	Harvest index (HI-stem-leaaf-silique-seed)	mRNA profiling to identify genes and pathways involved Harvest index (HI) formation in B.napus
PRJNA602979	SRR11002713	seed on main inflorescence	CQ46-30ZS-seed-inflorescence	Harvest index (HI-stem-leaaf-silique-seed)	mRNA profiling to identify genes and pathways involved Harvest index (HI) formation in B.napus
PRJNA602979	SRR11002712	seed on main inflorescence	CQ46-30ZS-seed-inflorescence	Harvest index (HI-stem-leaaf-silique-seed)	mRNA profiling to identify genes and pathways involved Harvest index (HI) formation in B.napus
PRJNA602979	SRR11002711	leaf	CQ46-L-leaf	Harvest index (HI-stem-leaaf-silique-seed)	mRNA profiling to identify genes and pathways involved Harvest index (HI) formation in B.napus
PRJNA602979	SRR11002710	leaf	CQ46-L-leaf	Harvest index (HI-stem-leaaf-silique-seed)	mRNA profiling to identify genes and pathways involved Harvest index (HI) formation in B.napus
PRJNA602979	SRR11002709	stem	CQ24-30J-stem	Harvest index (HI-stem-leaaf-silique-seed)	mRNA profiling to identify genes and pathways involved Harvest index (HI) formation in B.napus
PRJNA602979	SRR11002708	stem	CQ52-0J-stem	Harvest index (HI-stem-leaaf-silique-seed)	mRNA profiling to identify genes and pathways involved Harvest index (HI) formation in B.napus
PRJNA602979	SRR11002707	stem	CQ52-0J-stem	Harvest index (HI-stem-leaaf-silique-seed)	mRNA profiling to identify genes and pathways involved Harvest index (HI) formation in B.napus
PRJNA602979	SRR11002706	stem	CQ52-30J-stem	Harvest index (HI-stem-leaaf-silique-seed)	mRNA profiling to identify genes and pathways involved Harvest index (HI) formation in B.napus
PRJNA602979	SRR11002705	stem	CQ52-30J-stem	Harvest index (HI-stem-leaaf-silique-seed)	mRNA profiling to identify genes and pathways involved Harvest index (HI) formation in B.napus
PRJNA602979	SRR11002704	silique pericarp on main inflorescence	CQ52-30ZP-silique-inflorescence	Harvest index (HI-stem-leaaf-silique-seed)	mRNA profiling to identify genes and pathways involved Harvest index (HI) formation in B.napus
PRJNA602979	SRR11002703	silique pericarp on main inflorescence	CQ52-30ZP-silique-inflorescence	Harvest index (HI-stem-leaaf-silique-seed)	mRNA profiling to identify genes and pathways involved Harvest index (HI) formation in B.napus
PRJNA602979	SRR11002702	seed on main inflorescence	CQ52-30ZS-seed-inflorescence	Harvest index (HI-stem-leaaf-silique-seed)	mRNA profiling to identify genes and pathways involved Harvest index (HI) formation in B.napus
PRJNA602979	SRR11002701	seed on main inflorescence	CQ52-30ZS-seed-inflorescence	Harvest index (HI-stem-leaaf-silique-seed)	mRNA profiling to identify genes and pathways involved Harvest index (HI) formation in B.napus
PRJNA602979	SRR11002700	leaf	CQ52-L-leaf	Harvest index (HI-stem-leaaf-silique-seed)	mRNA profiling to identify genes and pathways involved Harvest index (HI) formation in B.napus
PRJNA602979	SRR11002699	leaf	CQ52-L-leaf	Harvest index (HI-stem-leaaf-silique-seed)	mRNA profiling to identify genes and pathways involved Harvest index (HI) formation in B.napus
PRJNA602979	SRR11002698	stem	CQ24-30J-stem	Harvest index (HI-stem-leaaf-silique-seed)	mRNA profiling to identify genes and pathways involved Harvest index (HI) formation in B.napus
PRJNA602979	SRR11002697	silique pericarp on branch	YN24-30CP-silique-branch	Harvest index (HI-stem-leaaf-silique-seed)	mRNA profiling to identify genes and pathways involved Harvest index (HI) formation in B.napus
PRJNA602979	SRR11002696	silique pericarp on branch	YN24-30CP-silique-branch	Harvest index (HI-stem-leaaf-silique-seed)	mRNA profiling to identify genes and pathways involved Harvest index (HI) formation in B.napus
PRJNA602979	SRR11002695	seed on branch	YN24-30CS-seed on branch	Harvest index (HI-stem-leaaf-silique-seed)	mRNA profiling to identify genes and pathways involved Harvest index (HI) formation in B.napus
PRJNA602979	SRR11002694	seed on branch	YN24-30CS-seed on branch	Harvest index (HI-stem-leaaf-silique-seed)	mRNA profiling to identify genes and pathways involved Harvest index (HI) formation in B.napus
PRJNA602979	SRR11002693	stem	YN45-0J-stem	Harvest index (HI-stem-leaaf-silique-seed)	mRNA profiling to identify genes and pathways involved Harvest index (HI) formation in B.napus
PRJNA602979	SRR11002692	stem	YN45-0J-stem	Harvest index (HI-stem-leaaf-silique-seed)	mRNA profiling to identify genes and pathways involved Harvest index (HI) formation in B.napus
PRJNA602979	SRR11002691	silique pericarp on branch	YN45-30CP-silique-branch	Harvest index (HI-stem-leaaf-silique-seed)	mRNA profiling to identify genes and pathways involved Harvest index (HI) formation in B.napus
PRJNA602979	SRR11002690	silique pericarp on branch	YN45-30CP-silique-branch	Harvest index (HI-stem-leaaf-silique-seed)	mRNA profiling to identify genes and pathways involved Harvest index (HI) formation in B.napus
PRJNA602979	SRR11002689	seed on branch	YN45-30CS-seed on branch	Harvest index (HI-stem-leaaf-silique-seed)	mRNA profiling to identify genes and pathways involved Harvest index (HI) formation in B.napus
PRJNA602979	SRR11002688	seed on branch	YN45-30CS-seed on branch	Harvest index (HI-stem-leaaf-silique-seed)	mRNA profiling to identify genes and pathways involved Harvest index (HI) formation in B.napus
PRJNA602979	SRR11002687	silique pericarp on main inflorescence	CQ24-30ZP-silique-inflorescence	Harvest index (HI-stem-leaaf-silique-seed)	mRNA profiling to identify genes and pathways involved Harvest index (HI) formation in B.napus
PRJNA602979	SRR11002686	silique pericarp on main inflorescence	YN45-30ZP-silique-inflorescence	Harvest index (HI-stem-leaaf-silique-seed)	mRNA profiling to identify genes and pathways involved Harvest index (HI) formation in B.napus
PRJNA602979	SRR11002685	silique pericarp on main inflorescence	YN45-30ZP-silique-inflorescence	Harvest index (HI-stem-leaaf-silique-seed)	mRNA profiling to identify genes and pathways involved Harvest index (HI) formation in B.napus
PRJNA602979	SRR11002684	seed on main inflorescence	YN45-30ZS-seed-inflorescence	Harvest index (HI-stem-leaaf-silique-seed)	mRNA profiling to identify genes and pathways involved Harvest index (HI) formation in B.napus
PRJNA602979	SRR11002683	seed on main inflorescence	YN45-30ZS-seed-inflorescence	Harvest index (HI-stem-leaaf-silique-seed)	mRNA profiling to identify genes and pathways involved Harvest index (HI) formation in B.napus
PRJNA602979	SRR11002682	leaf	YN45-L-leaf	Harvest index (HI-stem-leaaf-silique-seed)	mRNA profiling to identify genes and pathways involved Harvest index (HI) formation in B.napus
PRJNA602979	SRR11002681	leaf	YN45-L-leaf	Harvest index (HI-stem-leaaf-silique-seed)	mRNA profiling to identify genes and pathways involved Harvest index (HI) formation in B.napus
PRJNA602979	SRR11002680	silique pericarp on branch	YN46-30CP-silique-branch	Harvest index (HI-stem-leaaf-silique-seed)	mRNA profiling to identify genes and pathways involved Harvest index (HI) formation in B.napus
PRJNA602979	SRR11002679	silique pericarp on branch	YN46-30CP-silique-branch	Harvest index (HI-stem-leaaf-silique-seed)	mRNA profiling to identify genes and pathways involved Harvest index (HI) formation in B.napus
PRJNA602979	SRR11002678	seed on branch	YN46-30CS-seed on branch	Harvest index (HI-stem-leaaf-silique-seed)	mRNA profiling to identify genes and pathways involved Harvest index (HI) formation in B.napus
PRJNA602979	SRR11002677	seed on branch	YN46-30CS-seed on branch	Harvest index (HI-stem-leaaf-silique-seed)	mRNA profiling to identify genes and pathways involved Harvest index (HI) formation in B.napus
PRJNA602979	SRR11002676	silique pericarp on main inflorescence	CQ24-30ZP-silique-inflorescence	Harvest index (HI-stem-leaaf-silique-seed)	mRNA profiling to identify genes and pathways involved Harvest index (HI) formation in B.napus
PRJNA602979	SRR11002675	silique pericarp on branch	YN52-30CP-silique-branch	Harvest index (HI-stem-leaaf-silique-seed)	mRNA profiling to identify genes and pathways involved Harvest index (HI) formation in B.napus
PRJNA602979	SRR11002674	silique pericarp on branch	YN52-30CP-silique-branch	Harvest index (HI-stem-leaaf-silique-seed)	mRNA profiling to identify genes and pathways involved Harvest index (HI) formation in B.napus
PRJNA602979	SRR11002673	seed on branch	YN52-30CS-seed on branch	Harvest index (HI-stem-leaaf-silique-seed)	mRNA profiling to identify genes and pathways involved Harvest index (HI) formation in B.napus
PRJNA602979	SRR11002672	seed on branch	YN52-30CS-seed on branch	Harvest index (HI-stem-leaaf-silique-seed)	mRNA profiling to identify genes and pathways involved Harvest index (HI) formation in B.napus
PRJNA602979	SRR11002671	seed on main inflorescence	CQ24-30ZS-seed-inflorescence	Harvest index (HI-stem-leaaf-silique-seed)	mRNA profiling to identify genes and pathways involved Harvest index (HI) formation in B.napus
PRJNA602979	SRR11002670	seed on main inflorescence	CQ24-30ZS-seed-inflorescence	Harvest index (HI-stem-leaaf-silique-seed)	mRNA profiling to identify genes and pathways involved Harvest index (HI) formation in B.napus
PRJNA602979	SRR11002669	leaf	CQ24-L-leaf	Harvest index (HI-stem-leaaf-silique-seed)	mRNA profiling to identify genes and pathways involved Harvest index (HI) formation in B.napus
PRJNA602979	SRR11002668	leaf	CQ24-L-leaf	Harvest index (HI-stem-leaaf-silique-seed)	mRNA profiling to identify genes and pathways involved Harvest index (HI) formation in B.napus
PRJNA602979	SRR11002667	stem	CQ24-0J-stem	Harvest index (HI-stem-leaaf-silique-seed)	mRNA profiling to identify genes and pathways involved Harvest index (HI) formation in B.napus
PRJNA602979	SRR11002666	stem	CQ24-0J-stem	Harvest index (HI-stem-leaaf-silique-seed)	mRNA profiling to identify genes and pathways involved Harvest index (HI) formation in B.napus
PRJNA602979	SRR11002665	stem	CQ46-0J-stem	Harvest index (HI-stem-leaaf-silique-seed)	mRNA profiling to identify genes and pathways involved Harvest index (HI) formation in B.napus
PRJNA602979	SRR11002664	stem	CQ46-0J-stem	Harvest index (HI-stem-leaaf-silique-seed)	mRNA profiling to identify genes and pathways involved Harvest index (HI) formation in B.napus
PRJNA602979	SRR11013375	silique pericarp	CQ244P-silique pericarp	Harvest index (HI-stem-leaaf-silique-seed)	mRNA profiling to identify genes and pathways involved Harvest index (HI) formation in B.napus
PRJNA602979	SRR11013374	silique pericarp	CQ244P-silique pericarp	Harvest index (HI-stem-leaaf-silique-seed)	mRNA profiling to identify genes and pathways involved Harvest index (HI) formation in B.napus
PRJNA602979	SRR11013373	seed on branch	CQ24-30CS-seed on branch	Harvest index (HI-stem-leaaf-silique-seed)	mRNA profiling to identify genes and pathways involved Harvest index (HI) formation in B.napus
PRJNA602979	SRR11013372	seed on branch	CQ24-30CS-seed on branch	Harvest index (HI-stem-leaaf-silique-seed)	mRNA profiling to identify genes and pathways involved Harvest index (HI) formation in B.napus
PRJNA602979	SRR11013371	silique pericarp	CQ24-40P-silique pericarp	Harvest index (HI-stem-leaaf-silique-seed)	mRNA profiling to identify genes and pathways involved Harvest index (HI) formation in B.napus
PRJNA602979	SRR11013370	silique pericarp	CQ24-40P-silique pericarp	Harvest index (HI-stem-leaaf-silique-seed)	mRNA profiling to identify genes and pathways involved Harvest index (HI) formation in B.napus
PRJNA602979	SRR11013369	seed	CQ24-40S-seed	Harvest index (HI-stem-leaaf-silique-seed)	mRNA profiling to identify genes and pathways involved Harvest index (HI) formation in B.napus
PRJNA602979	SRR11013368	seed	CQ24-40S-seed	Harvest index (HI-stem-leaaf-silique-seed)	mRNA profiling to identify genes and pathways involved Harvest index (HI) formation in B.napus
PRJNA602979	SRR11013367	silique pericarp	CQ24-7P-silique pericarp	Harvest index (HI-stem-leaaf-silique-seed)	mRNA profiling to identify genes and pathways involved Harvest index (HI) formation in B.napus
PRJNA602979	SRR11013366	silique pericarp	CQ24-7P-silique pericarp	Harvest index (HI-stem-leaaf-silique-seed)	mRNA profiling to identify genes and pathways involved Harvest index (HI) formation in B.napus
PRJNA602979	SRR11013365	seed	CQ24-7S-seed	Harvest index (HI-stem-leaaf-silique-seed)	mRNA profiling to identify genes and pathways involved Harvest index (HI) formation in B.napus
PRJNA602979	SRR11013364	seed	CQ24-7S-seed	Harvest index (HI-stem-leaaf-silique-seed)	mRNA profiling to identify genes and pathways involved Harvest index (HI) formation in B.napus
PRJNA602979	SRR11013363	seed	CQ244S-seed	Harvest index (HI-stem-leaaf-silique-seed)	mRNA profiling to identify genes and pathways involved Harvest index (HI) formation in B.napus
PRJNA602979	SRR11013362	stem	CQ45-0J-stem	Harvest index (HI-stem-leaaf-silique-seed)	mRNA profiling to identify genes and pathways involved Harvest index (HI) formation in B.napus
PRJNA602979	SRR11013361	stem	CQ45-0J-stem	Harvest index (HI-stem-leaaf-silique-seed)	mRNA profiling to identify genes and pathways involved Harvest index (HI) formation in B.napus
PRJNA602979	SRR11013360	silique pericarp on branch	CQ45-30CP-silique-branch	Harvest index (HI-stem-leaaf-silique-seed)	mRNA profiling to identify genes and pathways involved Harvest index (HI) formation in B.napus
PRJNA602979	SRR11013359	silique pericarp on branch	CQ45-30CP-silique-branch	Harvest index (HI-stem-leaaf-silique-seed)	mRNA profiling to identify genes and pathways involved Harvest index (HI) formation in B.napus
PRJNA602979	SRR11013358	seed on branch	CQ45-30CS-seed on branch	Harvest index (HI-stem-leaaf-silique-seed)	mRNA profiling to identify genes and pathways involved Harvest index (HI) formation in B.napus
PRJNA602979	SRR11013357	seed on branch	CQ45-30CS-seed on branch	Harvest index (HI-stem-leaaf-silique-seed)	mRNA profiling to identify genes and pathways involved Harvest index (HI) formation in B.napus
PRJNA602979	SRR11013356	silique pericarp on main inflorescence	CQ45-30ZP-silique-inflorescence	Harvest index (HI-stem-leaaf-silique-seed)	mRNA profiling to identify genes and pathways involved Harvest index (HI) formation in B.napus
PRJNA602979	SRR11013355	silique pericarp on main inflorescence	CQ45-30ZP-silique-inflorescence	Harvest index (HI-stem-leaaf-silique-seed)	mRNA profiling to identify genes and pathways involved Harvest index (HI) formation in B.napus
PRJNA602979	SRR11013354	seed on main inflorescence	CQ45-30ZS-seed-inflorescence	Harvest index (HI-stem-leaaf-silique-seed)	mRNA profiling to identify genes and pathways involved Harvest index (HI) formation in B.napus
PRJNA602979	SRR11013353	seed on main inflorescence	CQ45-30ZS-seed-inflorescence	Harvest index (HI-stem-leaaf-silique-seed)	mRNA profiling to identify genes and pathways involved Harvest index (HI) formation in B.napus
PRJNA602979	SRR11013352	seed	CQ244S-seed	Harvest index (HI-stem-leaaf-silique-seed)	mRNA profiling to identify genes and pathways involved Harvest index (HI) formation in B.napus
PRJNA602979	SRR11013351	leaf	CQ45-L-leaf	Harvest index (HI-stem-leaaf-silique-seed)	mRNA profiling to identify genes and pathways involved Harvest index (HI) formation in B.napus
PRJNA602979	SRR11013350	leaf	CQ45-L-leaf	Harvest index (HI-stem-leaaf-silique-seed)	mRNA profiling to identify genes and pathways involved Harvest index (HI) formation in B.napus
PRJNA602979	SRR11013349	silique pericarp	CQ464P-silique pericarp	Harvest index (HI-stem-leaaf-silique-seed)	mRNA profiling to identify genes and pathways involved Harvest index (HI) formation in B.napus
PRJNA602979	SRR11013348	silique pericarp	CQ464P-silique pericarp	Harvest index (HI-stem-leaaf-silique-seed)	mRNA profiling to identify genes and pathways involved Harvest index (HI) formation in B.napus
PRJNA602979	SRR11013347	seed	CQ464S-seed	Harvest index (HI-stem-leaaf-silique-seed)	mRNA profiling to identify genes and pathways involved Harvest index (HI) formation in B.napus
PRJNA602979	SRR11013346	seed	CQ464S-seed	Harvest index (HI-stem-leaaf-silique-seed)	mRNA profiling to identify genes and pathways involved Harvest index (HI) formation in B.napus
PRJNA602979	SRR11013345	silique pericarp	CQ461P-silique pericarp	Harvest index (HI-stem-leaaf-silique-seed)	mRNA profiling to identify genes and pathways involved Harvest index (HI) formation in B.napus
PRJNA602979	SRR11013344	silique pericarp	CQ461P-silique pericarp	Harvest index (HI-stem-leaaf-silique-seed)	mRNA profiling to identify genes and pathways involved Harvest index (HI) formation in B.napus
PRJNA602979	SRR11013343	seed	CQ461S-seed	Harvest index (HI-stem-leaaf-silique-seed)	mRNA profiling to identify genes and pathways involved Harvest index (HI) formation in B.napus
PRJNA602979	SRR11013342	seed	CQ461S-seed	Harvest index (HI-stem-leaaf-silique-seed)	mRNA profiling to identify genes and pathways involved Harvest index (HI) formation in B.napus
PRJNA602979	SRR11013341	silique pericarp	CQ241P-silique pericarp	Harvest index (HI-stem-leaaf-silique-seed)	mRNA profiling to identify genes and pathways involved Harvest index (HI) formation in B.napus
PRJNA602979	SRR11013340	silique pericarp on branch	CQ46-30CP-silique-branch	Harvest index (HI-stem-leaaf-silique-seed)	mRNA profiling to identify genes and pathways involved Harvest index (HI) formation in B.napus
PRJNA602979	SRR11013339	silique pericarp on branch	CQ46-30CP-silique-branch	Harvest index (HI-stem-leaaf-silique-seed)	mRNA profiling to identify genes and pathways involved Harvest index (HI) formation in B.napus
PRJNA602979	SRR11013338	seed on branch	CQ46-30CS-seed on branch	Harvest index (HI-stem-leaaf-silique-seed)	mRNA profiling to identify genes and pathways involved Harvest index (HI) formation in B.napus
PRJNA602979	SRR11013337	seed on branch	CQ46-30CS-seed on branch	Harvest index (HI-stem-leaaf-silique-seed)	mRNA profiling to identify genes and pathways involved Harvest index (HI) formation in B.napus
PRJNA602979	SRR11013336	silique pericarp	CQ46-40P-silique pericarp	Harvest index (HI-stem-leaaf-silique-seed)	mRNA profiling to identify genes and pathways involved Harvest index (HI) formation in B.napus
PRJNA602979	SRR11013335	silique pericarp	CQ46-40P-silique pericarp	Harvest index (HI-stem-leaaf-silique-seed)	mRNA profiling to identify genes and pathways involved Harvest index (HI) formation in B.napus
PRJNA602979	SRR11013334	seed	CQ46-40S-seed	Harvest index (HI-stem-leaaf-silique-seed)	mRNA profiling to identify genes and pathways involved Harvest index (HI) formation in B.napus
PRJNA602979	SRR11013333	seed	CQ46-40S-seed	Harvest index (HI-stem-leaaf-silique-seed)	mRNA profiling to identify genes and pathways involved Harvest index (HI) formation in B.napus
PRJNA602979	SRR11013332	silique pericarp	CQ46-7P-silique pericarp	Harvest index (HI-stem-leaaf-silique-seed)	mRNA profiling to identify genes and pathways involved Harvest index (HI) formation in B.napus
PRJNA602979	SRR11013331	silique pericarp	CQ46-7P-silique pericarp	Harvest index (HI-stem-leaaf-silique-seed)	mRNA profiling to identify genes and pathways involved Harvest index (HI) formation in B.napus
PRJNA602979	SRR11013330	silique pericarp	CQ241P-silique pericarp	Harvest index (HI-stem-leaaf-silique-seed)	mRNA profiling to identify genes and pathways involved Harvest index (HI) formation in B.napus
PRJNA602979	SRR11013329	seed	CQ46-7S-seed	Harvest index (HI-stem-leaaf-silique-seed)	mRNA profiling to identify genes and pathways involved Harvest index (HI) formation in B.napus
PRJNA602979	SRR11013328	seed	CQ46-7S-seed	Harvest index (HI-stem-leaaf-silique-seed)	mRNA profiling to identify genes and pathways involved Harvest index (HI) formation in B.napus
PRJNA602979	SRR11013327	silique pericarp on branch	CQ52-30CP-silique-branch	Harvest index (HI-stem-leaaf-silique-seed)	mRNA profiling to identify genes and pathways involved Harvest index (HI) formation in B.napus
PRJNA602979	SRR11013326	silique pericarp on branch	CQ52-30CP-silique-branch	Harvest index (HI-stem-leaaf-silique-seed)	mRNA profiling to identify genes and pathways involved Harvest index (HI) formation in B.napus
PRJNA602979	SRR11013325	seed on branch	CQ52-30CS-seed on branch	Harvest index (HI-stem-leaaf-silique-seed)	mRNA profiling to identify genes and pathways involved Harvest index (HI) formation in B.napus
PRJNA602979	SRR11013324	seed on branch	CQ52-30CS-seed on branch	Harvest index (HI-stem-leaaf-silique-seed)	mRNA profiling to identify genes and pathways involved Harvest index (HI) formation in B.napus
PRJNA602979	SRR11013323	seed	CQ241S-seed	Harvest index (HI-stem-leaaf-silique-seed)	mRNA profiling to identify genes and pathways involved Harvest index (HI) formation in B.napus
PRJNA602979	SRR11013322	seed	CQ241S-seed	Harvest index (HI-stem-leaaf-silique-seed)	mRNA profiling to identify genes and pathways involved Harvest index (HI) formation in B.napus
PRJNA602979	SRR11013321	silique pericarp on branch	CQ24-30CP-silique-branch	Harvest index (HI-stem-leaaf-silique-seed)	mRNA profiling to identify genes and pathways involved Harvest index (HI) formation in B.napus
PRJNA602979	SRR11013320	silique pericarp on branch	CQ24-30CP-silique-branch	Harvest index (HI-stem-leaaf-silique-seed)	mRNA profiling to identify genes and pathways involved Harvest index (HI) formation in B.napus
PRJNA563565	SRR10058961	seed coat	WT_35DAF	seed color and development	The Brassica napus seed RNA-seq data for different seed color (yellow:aacc and black:WT) and different seed development period (14DAF and 35DAF).
PRJNA563565	SRR10058962	seed coat	WT_35DAF	seed color and development	The Brassica napus seed RNA-seq data for different seed color (yellow:aacc and black:WT) and different seed development period (14DAF and 35DAF).
PRJNA563565	SRR10058953	seed coat	WT_35DAF	seed color and development	The Brassica napus seed RNA-seq data for different seed color (yellow:aacc and black:WT) and different seed development period (14DAF and 35DAF).
PRJNA563565	SRR10058954	seed coat	WT_14DAF	seed color and development	The Brassica napus seed RNA-seq data for different seed color (yellow:aacc and black:WT) and different seed development period (14DAF and 35DAF).
PRJNA563565	SRR10058955	seed coat	WT_14DAF	seed color and development	The Brassica napus seed RNA-seq data for different seed color (yellow:aacc and black:WT) and different seed development period (14DAF and 35DAF).
PRJNA563565	SRR10058956	seed coat	WT_14DAF	seed color and development	The Brassica napus seed RNA-seq data for different seed color (yellow:aacc and black:WT) and different seed development period (14DAF and 35DAF).
PRJNA563565	SRR10058957	seed coat	aacc_35DAF	seed color and development	The Brassica napus seed RNA-seq data for different seed color (yellow:aacc and black:WT) and different seed development period (14DAF and 35DAF).
PRJNA563565	SRR10058958	seed coat	aacc_35DAF	seed color and development	The Brassica napus seed RNA-seq data for different seed color (yellow:aacc and black:WT) and different seed development period (14DAF and 35DAF).
PRJNA563565	SRR10058959	seed coat	aacc_35DAF	seed color and development	The Brassica napus seed RNA-seq data for different seed color (yellow:aacc and black:WT) and different seed development period (14DAF and 35DAF).
PRJNA563565	SRR10058960	seed coat	aacc_14DAF	seed color and development	The Brassica napus seed RNA-seq data for different seed color (yellow:aacc and black:WT) and different seed development period (14DAF and 35DAF).
PRJNA563565	SRR10058963	seed coat	aacc_14DAF	seed color and development	The Brassica napus seed RNA-seq data for different seed color (yellow:aacc and black:WT) and different seed development period (14DAF and 35DAF).
PRJNA563565	SRR10058964	seed coat	aacc_14DAF	seed color and development	The Brassica napus seed RNA-seq data for different seed color (yellow:aacc and black:WT) and different seed development period (14DAF and 35DAF).
PRJNA599502	SRR10848755	Bud	APSP_Bud	different colour of bud and petal	RNA-seq data for two different colour Brassica napus bud and petal (within orange and yellow). CPSP: C Genetically modified material (yellow petal), APSP: A Genetically modified material (yellow petal), and O271: Transgenic receptor (orange petal)
PRJNA599502	SRR10848754	Bud	APSP_Bud	different colour of bud and petal	RNA-seq data for two different colour Brassica napus bud and petal (within orange and yellow). CPSP: C Genetically modified material (yellow petal), APSP: A Genetically modified material (yellow petal), and O271: Transgenic receptor (orange petal)
PRJNA599502	SRR10848753	Petal	APSP_Petal1	different colour of bud and petal	RNA-seq data for two different colour Brassica napus bud and petal (within orange and yellow). CPSP: C Genetically modified material (yellow petal), APSP: A Genetically modified material (yellow petal), and O271: Transgenic receptor (orange petal)
PRJNA599502	SRR10848752	Petal	APSP_Petal1	different colour of bud and petal	RNA-seq data for two different colour Brassica napus bud and petal (within orange and yellow). CPSP: C Genetically modified material (yellow petal), APSP: A Genetically modified material (yellow petal), and O271: Transgenic receptor (orange petal)
PRJNA599502	SRR10848751	Petal	CPSP_Petal1	different colour of bud and petal	RNA-seq data for two different colour Brassica napus bud and petal (within orange and yellow). CPSP: C Genetically modified material (yellow petal), APSP: A Genetically modified material (yellow petal), and O271: Transgenic receptor (orange petal)
PRJNA599502	SRR10848750	Petal	CPSP_Petal1	different colour of bud and petal	RNA-seq data for two different colour Brassica napus bud and petal (within orange and yellow). CPSP: C Genetically modified material (yellow petal), APSP: A Genetically modified material (yellow petal), and O271: Transgenic receptor (orange petal)
PRJNA599502	SRR10848749	Petal	CPSP_Petal1	different colour of bud and petal	RNA-seq data for two different colour Brassica napus bud and petal (within orange and yellow). CPSP: C Genetically modified material (yellow petal), APSP: A Genetically modified material (yellow petal), and O271: Transgenic receptor (orange petal)
PRJNA599502	SRR10848748	Petal	O271_Petal1	different colour of bud and petal	RNA-seq data for two different colour Brassica napus bud and petal (within orange and yellow). CPSP: C Genetically modified material (yellow petal), APSP: A Genetically modified material (yellow petal), and O271: Transgenic receptor (orange petal)
PRJNA599502	SRR10848747	Petal	O271_Petal1	different colour of bud and petal	RNA-seq data for two different colour Brassica napus bud and petal (within orange and yellow). CPSP: C Genetically modified material (yellow petal), APSP: A Genetically modified material (yellow petal), and O271: Transgenic receptor (orange petal)
PRJNA599502	SRR10848746	Petal	O271_Petal1	different colour of bud and petal	RNA-seq data for two different colour Brassica napus bud and petal (within orange and yellow). CPSP: C Genetically modified material (yellow petal), APSP: A Genetically modified material (yellow petal), and O271: Transgenic receptor (orange petal)
PRJNA599502	SRR10848745	Petal	APSP_Petal2	different colour of bud and petal	RNA-seq data for two different colour Brassica napus bud and petal (within orange and yellow). CPSP: C Genetically modified material (yellow petal), APSP: A Genetically modified material (yellow petal), and O271: Transgenic receptor (orange petal)
PRJNA599502	SRR10848744	Petal	APSP_Petal2	different colour of bud and petal	RNA-seq data for two different colour Brassica napus bud and petal (within orange and yellow). CPSP: C Genetically modified material (yellow petal), APSP: A Genetically modified material (yellow petal), and O271: Transgenic receptor (orange petal)
PRJNA599502	SRR10848743	Bud	APSP_Bud	different colour of bud and petal	RNA-seq data for two different colour Brassica napus bud and petal (within orange and yellow). CPSP: C Genetically modified material (yellow petal), APSP: A Genetically modified material (yellow petal), and O271: Transgenic receptor (orange petal)
PRJNA599502	SRR10848742	Petal	APSP_Petal2	different colour of bud and petal	RNA-seq data for two different colour Brassica napus bud and petal (within orange and yellow). CPSP: C Genetically modified material (yellow petal), APSP: A Genetically modified material (yellow petal), and O271: Transgenic receptor (orange petal)
PRJNA599502	SRR10848741	Petal	CPSP_Petal2	different colour of bud and petal	RNA-seq data for two different colour Brassica napus bud and petal (within orange and yellow). CPSP: C Genetically modified material (yellow petal), APSP: A Genetically modified material (yellow petal), and O271: Transgenic receptor (orange petal)
PRJNA599502	SRR10848740	Petal	CPSP_Petal2	different colour of bud and petal	RNA-seq data for two different colour Brassica napus bud and petal (within orange and yellow). CPSP: C Genetically modified material (yellow petal), APSP: A Genetically modified material (yellow petal), and O271: Transgenic receptor (orange petal)
PRJNA599502	SRR10848739	Petal	CPSP_Petal2	different colour of bud and petal	RNA-seq data for two different colour Brassica napus bud and petal (within orange and yellow). CPSP: C Genetically modified material (yellow petal), APSP: A Genetically modified material (yellow petal), and O271: Transgenic receptor (orange petal)
PRJNA599502	SRR10848738	Petal	O271_Petal2	different colour of bud and petal	RNA-seq data for two different colour Brassica napus bud and petal (within orange and yellow). CPSP: C Genetically modified material (yellow petal), APSP: A Genetically modified material (yellow petal), and O271: Transgenic receptor (orange petal)
PRJNA599502	SRR10848737	Petal	O271_Petal2	different colour of bud and petal	RNA-seq data for two different colour Brassica napus bud and petal (within orange and yellow). CPSP: C Genetically modified material (yellow petal), APSP: A Genetically modified material (yellow petal), and O271: Transgenic receptor (orange petal)
PRJNA599502	SRR10848736	Petal	O271_Petal2	different colour of bud and petal	RNA-seq data for two different colour Brassica napus bud and petal (within orange and yellow). CPSP: C Genetically modified material (yellow petal), APSP: A Genetically modified material (yellow petal), and O271: Transgenic receptor (orange petal)
PRJNA599502	SRR10848735	Bud	CPSP_Bud	different colour of bud and petal	RNA-seq data for two different colour Brassica napus bud and petal (within orange and yellow). CPSP: C Genetically modified material (yellow petal), APSP: A Genetically modified material (yellow petal), and O271: Transgenic receptor (orange petal)
PRJNA599502	SRR10848734	Bud	CPSP_Bud	different colour of bud and petal	RNA-seq data for two different colour Brassica napus bud and petal (within orange and yellow). CPSP: C Genetically modified material (yellow petal), APSP: A Genetically modified material (yellow petal), and O271: Transgenic receptor (orange petal)
PRJNA599502	SRR10848733	Bud	CPSP_Bud	different colour of bud and petal	RNA-seq data for two different colour Brassica napus bud and petal (within orange and yellow). CPSP: C Genetically modified material (yellow petal), APSP: A Genetically modified material (yellow petal), and O271: Transgenic receptor (orange petal)
PRJNA599502	SRR10848732	Bud	O271_Bud	different colour of bud and petal	RNA-seq data for two different colour Brassica napus bud and petal (within orange and yellow). CPSP: C Genetically modified material (yellow petal), APSP: A Genetically modified material (yellow petal), and O271: Transgenic receptor (orange petal)
PRJNA599502	SRR10848731	Bud	O271_Bud	different colour of bud and petal	RNA-seq data for two different colour Brassica napus bud and petal (within orange and yellow). CPSP: C Genetically modified material (yellow petal), APSP: A Genetically modified material (yellow petal), and O271: Transgenic receptor (orange petal)
PRJNA599502	SRR10848730	Bud	O271_Bud	different colour of bud and petal	RNA-seq data for two different colour Brassica napus bud and petal (within orange and yellow). CPSP: C Genetically modified material (yellow petal), APSP: A Genetically modified material (yellow petal), and O271: Transgenic receptor (orange petal)
PRJNA599502	SRR10848729	Petal	APSP_Petal1	different colour of bud and petal	RNA-seq data for two different colour Brassica napus bud and petal (within orange and yellow). CPSP: C Genetically modified material (yellow petal), APSP: A Genetically modified material (yellow petal), and O271: Transgenic receptor (orange petal)
PRJNA578690	SRR10317710	shoot apex	Apex Heated	Vernalisation and floral transition	Vernalisation and floral transition in autumn drive winter-annual life history in oilseed rape
PRJNA578690	SRR10317717	shoot apex	Apex Heated	Vernalisation and floral transition	Vernalisation and floral transition in autumn drive winter-annual life history in oilseed rape
PRJNA578690	SRR10317738	shoot apex	Apex Heated	Vernalisation and floral transition	Vernalisation and floral transition in autumn drive winter-annual life history in oilseed rape
PRJNA578690	SRR10317730	shoot apex	Apex UnHeated	Vernalisation and floral transition	Vernalisation and floral transition in autumn drive winter-annual life history in oilseed rape
PRJNA578690	SRR10317750	shoot apex	Apex UnHeated	Vernalisation and floral transition	Vernalisation and floral transition in autumn drive winter-annual life history in oilseed rape
PRJNA578690	SRR10317751	shoot apex	Apex UnHeated	Vernalisation and floral transition	Vernalisation and floral transition in autumn drive winter-annual life history in oilseed rape
PRJNA578690	SRR10317735	shoot apex	Time1	Vernalisation and floral transition	Vernalisation and floral transition in autumn drive winter-annual life history in oilseed rape
PRJNA578690	SRR10317736	shoot apex	Time1	Vernalisation and floral transition	Vernalisation and floral transition in autumn drive winter-annual life history in oilseed rape
PRJNA578690	SRR10317737	shoot apex	Time1	Vernalisation and floral transition	Vernalisation and floral transition in autumn drive winter-annual life history in oilseed rape
PRJNA578690	SRR10317722	shoot apex	Time10	Vernalisation and floral transition	Vernalisation and floral transition in autumn drive winter-annual life history in oilseed rape
PRJNA578690	SRR10317723	shoot apex	Time10	Vernalisation and floral transition	Vernalisation and floral transition in autumn drive winter-annual life history in oilseed rape
PRJNA578690	SRR10317724	shoot apex	Time10	Vernalisation and floral transition	Vernalisation and floral transition in autumn drive winter-annual life history in oilseed rape
PRJNA578690	SRR10317719	shoot apex	Time11	Vernalisation and floral transition	Vernalisation and floral transition in autumn drive winter-annual life history in oilseed rape
PRJNA578690	SRR10317720	shoot apex	Time11	Vernalisation and floral transition	Vernalisation and floral transition in autumn drive winter-annual life history in oilseed rape
PRJNA578690	SRR10317721	shoot apex	Time11	Vernalisation and floral transition	Vernalisation and floral transition in autumn drive winter-annual life history in oilseed rape
PRJNA578690	SRR10317718	shoot apex	Time12	Vernalisation and floral transition	Vernalisation and floral transition in autumn drive winter-annual life history in oilseed rape
PRJNA578690	SRR10317742	shoot apex	Time12	Vernalisation and floral transition	Vernalisation and floral transition in autumn drive winter-annual life history in oilseed rape
PRJNA578690	SRR10317716	shoot apex	Time12	Vernalisation and floral transition	Vernalisation and floral transition in autumn drive winter-annual life history in oilseed rape
PRJNA578690	SRR10317739	shoot apex	Time13	Vernalisation and floral transition	Vernalisation and floral transition in autumn drive winter-annual life history in oilseed rape
PRJNA578690	SRR10317740	shoot apex	Time13	Vernalisation and floral transition	Vernalisation and floral transition in autumn drive winter-annual life history in oilseed rape
PRJNA578690	SRR10317741	shoot apex	Time13	Vernalisation and floral transition	Vernalisation and floral transition in autumn drive winter-annual life history in oilseed rape
PRJNA578690	SRR10317733	shoot apex	Time2	Vernalisation and floral transition	Vernalisation and floral transition in autumn drive winter-annual life history in oilseed rape
PRJNA578690	SRR10317748	shoot apex	Time2	Vernalisation and floral transition	Vernalisation and floral transition in autumn drive winter-annual life history in oilseed rape
PRJNA578690	SRR10317749	shoot apex	Time2	Vernalisation and floral transition	Vernalisation and floral transition in autumn drive winter-annual life history in oilseed rape
PRJNA578690	SRR10317745	shoot apex	Time3	Vernalisation and floral transition	Vernalisation and floral transition in autumn drive winter-annual life history in oilseed rape
PRJNA578690	SRR10317746	shoot apex	Time3	Vernalisation and floral transition	Vernalisation and floral transition in autumn drive winter-annual life history in oilseed rape
PRJNA578690	SRR10317747	shoot apex	Time3	Vernalisation and floral transition	Vernalisation and floral transition in autumn drive winter-annual life history in oilseed rape
PRJNA578690	SRR10317734	shoot apex	Time4	Vernalisation and floral transition	Vernalisation and floral transition in autumn drive winter-annual life history in oilseed rape
PRJNA578690	SRR10317743	shoot apex	Time4	Vernalisation and floral transition	Vernalisation and floral transition in autumn drive winter-annual life history in oilseed rape
PRJNA578690	SRR10317744	shoot apex	Time4	Vernalisation and floral transition	Vernalisation and floral transition in autumn drive winter-annual life history in oilseed rape
PRJNA578690	SRR10317731	shoot apex	Time5	Vernalisation and floral transition	Vernalisation and floral transition in autumn drive winter-annual life history in oilseed rape
PRJNA578690	SRR10317732	shoot apex	Time5	Vernalisation and floral transition	Vernalisation and floral transition in autumn drive winter-annual life history in oilseed rape
PRJNA578690	SRR10317729	shoot apex	Time5	Vernalisation and floral transition	Vernalisation and floral transition in autumn drive winter-annual life history in oilseed rape
PRJNA578690	SRR10317726	shoot apex	Time6	Vernalisation and floral transition	Vernalisation and floral transition in autumn drive winter-annual life history in oilseed rape
PRJNA578690	SRR10317727	shoot apex	Time6	Vernalisation and floral transition	Vernalisation and floral transition in autumn drive winter-annual life history in oilseed rape
PRJNA578690	SRR10317728	shoot apex	Time6	Vernalisation and floral transition	Vernalisation and floral transition in autumn drive winter-annual life history in oilseed rape
PRJNA578690	SRR10317725	shoot apex	Time7	Vernalisation and floral transition	Vernalisation and floral transition in autumn drive winter-annual life history in oilseed rape
PRJNA578690	SRR10317714	shoot apex	Time7	Vernalisation and floral transition	Vernalisation and floral transition in autumn drive winter-annual life history in oilseed rape
PRJNA578690	SRR10317715	shoot apex	Time7	Vernalisation and floral transition	Vernalisation and floral transition in autumn drive winter-annual life history in oilseed rape
PRJNA578690	SRR10317711	shoot apex	Time8	Vernalisation and floral transition	Vernalisation and floral transition in autumn drive winter-annual life history in oilseed rape
PRJNA578690	SRR10317712	shoot apex	Time8	Vernalisation and floral transition	Vernalisation and floral transition in autumn drive winter-annual life history in oilseed rape
PRJNA578690	SRR10317713	shoot apex	Time8	Vernalisation and floral transition	Vernalisation and floral transition in autumn drive winter-annual life history in oilseed rape
PRJNA578690	SRR10317707	shoot apex	Time9	Vernalisation and floral transition	Vernalisation and floral transition in autumn drive winter-annual life history in oilseed rape
PRJNA578690	SRR10317708	shoot apex	Time9	Vernalisation and floral transition	Vernalisation and floral transition in autumn drive winter-annual life history in oilseed rape
PRJNA578690	SRR10317709	shoot apex	Time9	Vernalisation and floral transition	Vernalisation and floral transition in autumn drive winter-annual life history in oilseed rape
PRJNA559661	SRR9944837	first ture leaf	ZS11-D11-FTL	carotene biosynthesis (leaf-top shoot-cotyledon)	The transcriptomes comparision of ZY-4 and ZY-8 (two variegated mutants) to ZS11 (conventional cultivar) for cotyledons of seven days after seeded (7 DAS), shoot meristem of 7 DAS, first true leaf of 9 DAS, first true leaf of 11 DAS, and first true leaf of 13 DAS to underestand carotene biosynthesis
PRJNA559661	SRR9944824	first ture leaf	ZS11-D11-FTL	carotene biosynthesis (leaf-top shoot-cotyledon)	The transcriptomes comparision of ZY-4 and ZY-8 (two variegated mutants) to ZS11 (conventional cultivar) for cotyledons of seven days after seeded (7 DAS), shoot meristem of 7 DAS, first true leaf of 9 DAS, first true leaf of 11 DAS, and first true leaf of 13 DAS to underestand carotene biosynthesis
PRJNA559661	SRR9944823	first ture leaf	ZS11-D11-FTL	carotene biosynthesis (leaf-top shoot-cotyledon)	The transcriptomes comparision of ZY-4 and ZY-8 (two variegated mutants) to ZS11 (conventional cultivar) for cotyledons of seven days after seeded (7 DAS), shoot meristem of 7 DAS, first true leaf of 9 DAS, first true leaf of 11 DAS, and first true leaf of 13 DAS to underestand carotene biosynthesis
PRJNA559661	SRR9944835	first ture leaf	ZY-4-D11-FTL	carotene biosynthesis (leaf-top shoot-cotyledon)	The transcriptomes comparision of ZY-4 and ZY-8 (two variegated mutants) to ZS11 (conventional cultivar) for cotyledons of seven days after seeded (7 DAS), shoot meristem of 7 DAS, first true leaf of 9 DAS, first true leaf of 11 DAS, and first true leaf of 13 DAS to underestand carotene biosynthesis
PRJNA559661	SRR9944846	first ture leaf	ZY-4-D11-FTL	carotene biosynthesis (leaf-top shoot-cotyledon)	The transcriptomes comparision of ZY-4 and ZY-8 (two variegated mutants) to ZS11 (conventional cultivar) for cotyledons of seven days after seeded (7 DAS), shoot meristem of 7 DAS, first true leaf of 9 DAS, first true leaf of 11 DAS, and first true leaf of 13 DAS to underestand carotene biosynthesis
PRJNA559661	SRR9944847	first ture leaf	ZY-4-D11-FTL	carotene biosynthesis (leaf-top shoot-cotyledon)	The transcriptomes comparision of ZY-4 and ZY-8 (two variegated mutants) to ZS11 (conventional cultivar) for cotyledons of seven days after seeded (7 DAS), shoot meristem of 7 DAS, first true leaf of 9 DAS, first true leaf of 11 DAS, and first true leaf of 13 DAS to underestand carotene biosynthesis
PRJNA559661	SRR9944816	first ture leaf	ZY-8-D11-FTL	carotene biosynthesis (leaf-top shoot-cotyledon)	The transcriptomes comparision of ZY-4 and ZY-8 (two variegated mutants) to ZS11 (conventional cultivar) for cotyledons of seven days after seeded (7 DAS), shoot meristem of 7 DAS, first true leaf of 9 DAS, first true leaf of 11 DAS, and first true leaf of 13 DAS to underestand carotene biosynthesis
PRJNA559661	SRR9944815	first ture leaf	ZY-8-D11-FTL	carotene biosynthesis (leaf-top shoot-cotyledon)	The transcriptomes comparision of ZY-4 and ZY-8 (two variegated mutants) to ZS11 (conventional cultivar) for cotyledons of seven days after seeded (7 DAS), shoot meristem of 7 DAS, first true leaf of 9 DAS, first true leaf of 11 DAS, and first true leaf of 13 DAS to underestand carotene biosynthesis
PRJNA559661	SRR9944818	first ture leaf	ZY-8-D11-FTL	carotene biosynthesis (leaf-top shoot-cotyledon)	The transcriptomes comparision of ZY-4 and ZY-8 (two variegated mutants) to ZS11 (conventional cultivar) for cotyledons of seven days after seeded (7 DAS), shoot meristem of 7 DAS, first true leaf of 9 DAS, first true leaf of 11 DAS, and first true leaf of 13 DAS to underestand carotene biosynthesis
PRJNA559661	SRR9944812	first ture leaf	ZS11-D13-FTL	carotene biosynthesis (leaf-top shoot-cotyledon)	The transcriptomes comparision of ZY-4 and ZY-8 (two variegated mutants) to ZS11 (conventional cultivar) for cotyledons of seven days after seeded (7 DAS), shoot meristem of 7 DAS, first true leaf of 9 DAS, first true leaf of 11 DAS, and first true leaf of 13 DAS to underestand carotene biosynthesis
PRJNA559661	SRR9944856	first ture leaf	ZS11-D13-FTL	carotene biosynthesis (leaf-top shoot-cotyledon)	The transcriptomes comparision of ZY-4 and ZY-8 (two variegated mutants) to ZS11 (conventional cultivar) for cotyledons of seven days after seeded (7 DAS), shoot meristem of 7 DAS, first true leaf of 9 DAS, first true leaf of 11 DAS, and first true leaf of 13 DAS to underestand carotene biosynthesis
PRJNA559661	SRR9944825	first ture leaf	ZS11-D13-FTL	carotene biosynthesis (leaf-top shoot-cotyledon)	The transcriptomes comparision of ZY-4 and ZY-8 (two variegated mutants) to ZS11 (conventional cultivar) for cotyledons of seven days after seeded (7 DAS), shoot meristem of 7 DAS, first true leaf of 9 DAS, first true leaf of 11 DAS, and first true leaf of 13 DAS to underestand carotene biosynthesis
PRJNA559661	SRR9944848	first ture leaf	ZY-4-D13-FTL	carotene biosynthesis (leaf-top shoot-cotyledon)	The transcriptomes comparision of ZY-4 and ZY-8 (two variegated mutants) to ZS11 (conventional cultivar) for cotyledons of seven days after seeded (7 DAS), shoot meristem of 7 DAS, first true leaf of 9 DAS, first true leaf of 11 DAS, and first true leaf of 13 DAS to underestand carotene biosynthesis
PRJNA559661	SRR9944849	first ture leaf	ZY-4-D13-FTL	carotene biosynthesis (leaf-top shoot-cotyledon)	The transcriptomes comparision of ZY-4 and ZY-8 (two variegated mutants) to ZS11 (conventional cultivar) for cotyledons of seven days after seeded (7 DAS), shoot meristem of 7 DAS, first true leaf of 9 DAS, first true leaf of 11 DAS, and first true leaf of 13 DAS to underestand carotene biosynthesis
PRJNA559661	SRR9944850	first ture leaf	ZY-4-D13-FTL	carotene biosynthesis (leaf-top shoot-cotyledon)	The transcriptomes comparision of ZY-4 and ZY-8 (two variegated mutants) to ZS11 (conventional cultivar) for cotyledons of seven days after seeded (7 DAS), shoot meristem of 7 DAS, first true leaf of 9 DAS, first true leaf of 11 DAS, and first true leaf of 13 DAS to underestand carotene biosynthesis
PRJNA559661	SRR9944817	first ture leaf	ZY-8-D13-FTL	carotene biosynthesis (leaf-top shoot-cotyledon)	The transcriptomes comparision of ZY-4 and ZY-8 (two variegated mutants) to ZS11 (conventional cultivar) for cotyledons of seven days after seeded (7 DAS), shoot meristem of 7 DAS, first true leaf of 9 DAS, first true leaf of 11 DAS, and first true leaf of 13 DAS to underestand carotene biosynthesis
PRJNA559661	SRR9944814	first ture leaf	ZY-8-D13-FTL	carotene biosynthesis (leaf-top shoot-cotyledon)	The transcriptomes comparision of ZY-4 and ZY-8 (two variegated mutants) to ZS11 (conventional cultivar) for cotyledons of seven days after seeded (7 DAS), shoot meristem of 7 DAS, first true leaf of 9 DAS, first true leaf of 11 DAS, and first true leaf of 13 DAS to underestand carotene biosynthesis
PRJNA559661	SRR9944813	first ture leaf	ZY-8-D13-FTL	carotene biosynthesis (leaf-top shoot-cotyledon)	The transcriptomes comparision of ZY-4 and ZY-8 (two variegated mutants) to ZS11 (conventional cultivar) for cotyledons of seven days after seeded (7 DAS), shoot meristem of 7 DAS, first true leaf of 9 DAS, first true leaf of 11 DAS, and first true leaf of 13 DAS to underestand carotene biosynthesis
PRJNA559661	SRR9944843	top shoot	ZS11-D7-TSH	carotene biosynthesis (leaf-top shoot-cotyledon)	The transcriptomes comparision of ZY-4 and ZY-8 (two variegated mutants) to ZS11 (conventional cultivar) for cotyledons of seven days after seeded (7 DAS), shoot meristem of 7 DAS, first true leaf of 9 DAS, first true leaf of 11 DAS, and first true leaf of 13 DAS to underestand carotene biosynthesis
PRJNA559661	SRR9944840	top shoot	ZS11-D7-TSH	carotene biosynthesis (leaf-top shoot-cotyledon)	The transcriptomes comparision of ZY-4 and ZY-8 (two variegated mutants) to ZS11 (conventional cultivar) for cotyledons of seven days after seeded (7 DAS), shoot meristem of 7 DAS, first true leaf of 9 DAS, first true leaf of 11 DAS, and first true leaf of 13 DAS to underestand carotene biosynthesis
PRJNA559661	SRR9944841	top shoot	ZS11-D7-TSH	carotene biosynthesis (leaf-top shoot-cotyledon)	The transcriptomes comparision of ZY-4 and ZY-8 (two variegated mutants) to ZS11 (conventional cultivar) for cotyledons of seven days after seeded (7 DAS), shoot meristem of 7 DAS, first true leaf of 9 DAS, first true leaf of 11 DAS, and first true leaf of 13 DAS to underestand carotene biosynthesis
PRJNA559661	SRR9944833	top shoot	ZY-4-D7-TSH	carotene biosynthesis (leaf-top shoot-cotyledon)	The transcriptomes comparision of ZY-4 and ZY-8 (two variegated mutants) to ZS11 (conventional cultivar) for cotyledons of seven days after seeded (7 DAS), shoot meristem of 7 DAS, first true leaf of 9 DAS, first true leaf of 11 DAS, and first true leaf of 13 DAS to underestand carotene biosynthesis
PRJNA559661	SRR9944826	top shoot	ZY-4-D7-TSH	carotene biosynthesis (leaf-top shoot-cotyledon)	The transcriptomes comparision of ZY-4 and ZY-8 (two variegated mutants) to ZS11 (conventional cultivar) for cotyledons of seven days after seeded (7 DAS), shoot meristem of 7 DAS, first true leaf of 9 DAS, first true leaf of 11 DAS, and first true leaf of 13 DAS to underestand carotene biosynthesis
PRJNA559661	SRR9944827	top shoot	ZY-4-D7-TSH	carotene biosynthesis (leaf-top shoot-cotyledon)	The transcriptomes comparision of ZY-4 and ZY-8 (two variegated mutants) to ZS11 (conventional cultivar) for cotyledons of seven days after seeded (7 DAS), shoot meristem of 7 DAS, first true leaf of 9 DAS, first true leaf of 11 DAS, and first true leaf of 13 DAS to underestand carotene biosynthesis
PRJNA559661	SRR9944854	top shoot	ZY-8-D7-TSH	carotene biosynthesis (leaf-top shoot-cotyledon)	The transcriptomes comparision of ZY-4 and ZY-8 (two variegated mutants) to ZS11 (conventional cultivar) for cotyledons of seven days after seeded (7 DAS), shoot meristem of 7 DAS, first true leaf of 9 DAS, first true leaf of 11 DAS, and first true leaf of 13 DAS to underestand carotene biosynthesis
PRJNA559661	SRR9944855	top shoot	ZY-8-D7-TSH	carotene biosynthesis (leaf-top shoot-cotyledon)	The transcriptomes comparision of ZY-4 and ZY-8 (two variegated mutants) to ZS11 (conventional cultivar) for cotyledons of seven days after seeded (7 DAS), shoot meristem of 7 DAS, first true leaf of 9 DAS, first true leaf of 11 DAS, and first true leaf of 13 DAS to underestand carotene biosynthesis
PRJNA559661	SRR9944820	top shoot	ZY-8-D7-TSH	carotene biosynthesis (leaf-top shoot-cotyledon)	The transcriptomes comparision of ZY-4 and ZY-8 (two variegated mutants) to ZS11 (conventional cultivar) for cotyledons of seven days after seeded (7 DAS), shoot meristem of 7 DAS, first true leaf of 9 DAS, first true leaf of 11 DAS, and first true leaf of 13 DAS to underestand carotene biosynthesis
PRJNA559661	SRR9944838	first ture leaf	ZS11-D9-FTL	carotene biosynthesis (leaf-top shoot-cotyledon)	The transcriptomes comparision of ZY-4 and ZY-8 (two variegated mutants) to ZS11 (conventional cultivar) for cotyledons of seven days after seeded (7 DAS), shoot meristem of 7 DAS, first true leaf of 9 DAS, first true leaf of 11 DAS, and first true leaf of 13 DAS to underestand carotene biosynthesis
PRJNA559661	SRR9944839	first ture leaf	ZS11-D9-FTL	carotene biosynthesis (leaf-top shoot-cotyledon)	The transcriptomes comparision of ZY-4 and ZY-8 (two variegated mutants) to ZS11 (conventional cultivar) for cotyledons of seven days after seeded (7 DAS), shoot meristem of 7 DAS, first true leaf of 9 DAS, first true leaf of 11 DAS, and first true leaf of 13 DAS to underestand carotene biosynthesis
PRJNA559661	SRR9944836	first ture leaf	ZS11-D9-FTL	carotene biosynthesis (leaf-top shoot-cotyledon)	The transcriptomes comparision of ZY-4 and ZY-8 (two variegated mutants) to ZS11 (conventional cultivar) for cotyledons of seven days after seeded (7 DAS), shoot meristem of 7 DAS, first true leaf of 9 DAS, first true leaf of 11 DAS, and first true leaf of 13 DAS to underestand carotene biosynthesis
PRJNA559661	SRR9944828	first ture leaf	ZY-4-D9-FTL	carotene biosynthesis (leaf-top shoot-cotyledon)	The transcriptomes comparision of ZY-4 and ZY-8 (two variegated mutants) to ZS11 (conventional cultivar) for cotyledons of seven days after seeded (7 DAS), shoot meristem of 7 DAS, first true leaf of 9 DAS, first true leaf of 11 DAS, and first true leaf of 13 DAS to underestand carotene biosynthesis
PRJNA559661	SRR9944829	first ture leaf	ZY-4-D9-FTL	carotene biosynthesis (leaf-top shoot-cotyledon)	The transcriptomes comparision of ZY-4 and ZY-8 (two variegated mutants) to ZS11 (conventional cultivar) for cotyledons of seven days after seeded (7 DAS), shoot meristem of 7 DAS, first true leaf of 9 DAS, first true leaf of 11 DAS, and first true leaf of 13 DAS to underestand carotene biosynthesis
PRJNA559661	SRR9944834	first ture leaf	ZY-4-D9-FTL	carotene biosynthesis (leaf-top shoot-cotyledon)	The transcriptomes comparision of ZY-4 and ZY-8 (two variegated mutants) to ZS11 (conventional cultivar) for cotyledons of seven days after seeded (7 DAS), shoot meristem of 7 DAS, first true leaf of 9 DAS, first true leaf of 11 DAS, and first true leaf of 13 DAS to underestand carotene biosynthesis
PRJNA559661	SRR9944819	first ture leaf	ZY-8-D9-FTL	carotene biosynthesis (leaf-top shoot-cotyledon)	The transcriptomes comparision of ZY-4 and ZY-8 (two variegated mutants) to ZS11 (conventional cultivar) for cotyledons of seven days after seeded (7 DAS), shoot meristem of 7 DAS, first true leaf of 9 DAS, first true leaf of 11 DAS, and first true leaf of 13 DAS to underestand carotene biosynthesis
PRJNA559661	SRR9944822	first ture leaf	ZY-8-D9-FTL	carotene biosynthesis (leaf-top shoot-cotyledon)	The transcriptomes comparision of ZY-4 and ZY-8 (two variegated mutants) to ZS11 (conventional cultivar) for cotyledons of seven days after seeded (7 DAS), shoot meristem of 7 DAS, first true leaf of 9 DAS, first true leaf of 11 DAS, and first true leaf of 13 DAS to underestand carotene biosynthesis
PRJNA559661	SRR9944821	first ture leaf	ZY-8-D9-FTL	carotene biosynthesis (leaf-top shoot-cotyledon)	The transcriptomes comparision of ZY-4 and ZY-8 (two variegated mutants) to ZS11 (conventional cultivar) for cotyledons of seven days after seeded (7 DAS), shoot meristem of 7 DAS, first true leaf of 9 DAS, first true leaf of 11 DAS, and first true leaf of 13 DAS to underestand carotene biosynthesis
PRJNA559661	SRR9944844	cotyledon	ZS11-D7-CO	carotene biosynthesis (leaf-top shoot-cotyledon)	The transcriptomes comparision of ZY-4 and ZY-8 (two variegated mutants) to ZS11 (conventional cultivar) for cotyledons of seven days after seeded (7 DAS), shoot meristem of 7 DAS, first true leaf of 9 DAS, first true leaf of 11 DAS, and first true leaf of 13 DAS to underestand carotene biosynthesis
PRJNA559661	SRR9944845	cotyledon	ZS11-D7-CO	carotene biosynthesis (leaf-top shoot-cotyledon)	The transcriptomes comparision of ZY-4 and ZY-8 (two variegated mutants) to ZS11 (conventional cultivar) for cotyledons of seven days after seeded (7 DAS), shoot meristem of 7 DAS, first true leaf of 9 DAS, first true leaf of 11 DAS, and first true leaf of 13 DAS to underestand carotene biosynthesis
PRJNA559661	SRR9944842	cotyledon	ZS11-D7-CO	carotene biosynthesis (leaf-top shoot-cotyledon)	The transcriptomes comparision of ZY-4 and ZY-8 (two variegated mutants) to ZS11 (conventional cultivar) for cotyledons of seven days after seeded (7 DAS), shoot meristem of 7 DAS, first true leaf of 9 DAS, first true leaf of 11 DAS, and first true leaf of 13 DAS to underestand carotene biosynthesis
PRJNA559661	SRR9944830	cotyledon	ZY-4-D7-CO	carotene biosynthesis (leaf-top shoot-cotyledon)	The transcriptomes comparision of ZY-4 and ZY-8 (two variegated mutants) to ZS11 (conventional cultivar) for cotyledons of seven days after seeded (7 DAS), shoot meristem of 7 DAS, first true leaf of 9 DAS, first true leaf of 11 DAS, and first true leaf of 13 DAS to underestand carotene biosynthesis
PRJNA559661	SRR9944831	cotyledon	ZY-4-D7-CO	carotene biosynthesis (leaf-top shoot-cotyledon)	The transcriptomes comparision of ZY-4 and ZY-8 (two variegated mutants) to ZS11 (conventional cultivar) for cotyledons of seven days after seeded (7 DAS), shoot meristem of 7 DAS, first true leaf of 9 DAS, first true leaf of 11 DAS, and first true leaf of 13 DAS to underestand carotene biosynthesis
PRJNA559661	SRR9944832	cotyledon	ZY-4-D7-CO	carotene biosynthesis (leaf-top shoot-cotyledon)	The transcriptomes comparision of ZY-4 and ZY-8 (two variegated mutants) to ZS11 (conventional cultivar) for cotyledons of seven days after seeded (7 DAS), shoot meristem of 7 DAS, first true leaf of 9 DAS, first true leaf of 11 DAS, and first true leaf of 13 DAS to underestand carotene biosynthesis
PRJNA559661	SRR9944851	cotyledon	ZY-8-D7-CO	carotene biosynthesis (leaf-top shoot-cotyledon)	The transcriptomes comparision of ZY-4 and ZY-8 (two variegated mutants) to ZS11 (conventional cultivar) for cotyledons of seven days after seeded (7 DAS), shoot meristem of 7 DAS, first true leaf of 9 DAS, first true leaf of 11 DAS, and first true leaf of 13 DAS to underestand carotene biosynthesis
PRJNA559661	SRR9944852	cotyledon	ZY-8-D7-CO	carotene biosynthesis (leaf-top shoot-cotyledon)	The transcriptomes comparision of ZY-4 and ZY-8 (two variegated mutants) to ZS11 (conventional cultivar) for cotyledons of seven days after seeded (7 DAS), shoot meristem of 7 DAS, first true leaf of 9 DAS, first true leaf of 11 DAS, and first true leaf of 13 DAS to underestand carotene biosynthesis
PRJNA559661	SRR9944853	cotyledon	ZY-8-D7-CO	carotene biosynthesis (leaf-top shoot-cotyledon)	The transcriptomes comparision of ZY-4 and ZY-8 (two variegated mutants) to ZS11 (conventional cultivar) for cotyledons of seven days after seeded (7 DAS), shoot meristem of 7 DAS, first true leaf of 9 DAS, first true leaf of 11 DAS, and first true leaf of 13 DAS to underestand carotene biosynthesis