BioProject ID	Run ID	Organ	Treatment	Experiment	Description
PRJNA393069	SRR5816403	Juvenile leaf	High Boron - 25 µM - Q10 - Juvenile leaf	Boron deficiency	Genome-wide transcriptional responses to boron deficiency in Brassica napus
PRJNA393069	SRR5816404	Juvenile leaf	High Boron - 25 µM - Q10 - Juvenile leaf	Boron deficiency	Genome-wide transcriptional responses to boron deficiency in Brassica napus
PRJNA393069	SRR5816405	Juvenile leaf	High Boron - 25 µM - Q10 - Juvenile leaf	Boron deficiency	Genome-wide transcriptional responses to boron deficiency in Brassica napus
PRJNA393069	SRR5816406	Old leaf	High Boron - 25 µM - Q10 - Old leaf	Boron deficiency	Genome-wide transcriptional responses to boron deficiency in Brassica napus
PRJNA393069	SRR5816407	Old leaf	High Boron - 25 µM - Q10 - Old leaf	Boron deficiency	Genome-wide transcriptional responses to boron deficiency in Brassica napus
PRJNA393069	SRR5816409	Old leaf	High Boron - 25 µM - Q10 - Old leaf	Boron deficiency	Genome-wide transcriptional responses to boron deficiency in Brassica napus
PRJNA393069	SRR5816412	Juvenile leaf	Low Boron - 0.25 µM - Q10 - Juvenile leaf	Boron deficiency	Genome-wide transcriptional responses to boron deficiency in Brassica napus
PRJNA393069	SRR5816413	Juvenile leaf	Low Boron - 0.25 µM - Q10 - Juvenile leaf	Boron deficiency	Genome-wide transcriptional responses to boron deficiency in Brassica napus
PRJNA393069	SRR5816414	Juvenile leaf	Low Boron - 0.25 µM - Q10 - Juvenile leaf	Boron deficiency	Genome-wide transcriptional responses to boron deficiency in Brassica napus
PRJNA393069	SRR5816415	Old leaf	Low Boron - 0.25 µM - Q10 - Old leaf	Boron deficiency	Genome-wide transcriptional responses to boron deficiency in Brassica napus
PRJNA393069	SRR5816416	Old leaf	Low Boron - 0.25 µM - Q10 - Old leaf	Boron deficiency	Genome-wide transcriptional responses to boron deficiency in Brassica napus
PRJNA393069	SRR5816417	Old leaf	Low Boron - 0.25 µM - Q10 - Old leaf	Boron deficiency	Genome-wide transcriptional responses to boron deficiency in Brassica napus
PRJNA393069	SRR5816422	Juvenile leaf	High Boron - 25 µM - W10 - Juvenile leaf	Boron deficiency	Genome-wide transcriptional responses to boron deficiency in Brassica napus
PRJNA393069	SRR5816423	Juvenile leaf	High Boron - 25 µM - W10 - Juvenile leaf	Boron deficiency	Genome-wide transcriptional responses to boron deficiency in Brassica napus
PRJNA393069	SRR5816424	Juvenile leaf	High Boron - 25 µM - W10 - Juvenile leaf	Boron deficiency	Genome-wide transcriptional responses to boron deficiency in Brassica napus
PRJNA393069	SRR5816425	Old leaf	High Boron - 25 µM - W10 - Old leaf	Boron deficiency	Genome-wide transcriptional responses to boron deficiency in Brassica napus
PRJNA393069	SRR5816426	Old leaf	High Boron - 25 µM - W10 - Old leaf	Boron deficiency	Genome-wide transcriptional responses to boron deficiency in Brassica napus
PRJNA393069	SRR5816427	Old leaf	High Boron - 25 µM - W10 - Old leaf	Boron deficiency	Genome-wide transcriptional responses to boron deficiency in Brassica napus
PRJNA393069	SRR5816431	Juvenile leaf	Low Boron - 0.25 µM - W10 - Juvenile leaf	Boron deficiency	Genome-wide transcriptional responses to boron deficiency in Brassica napus
PRJNA393069	SRR5816432	Juvenile leaf	Low Boron - 0.25 µM - W10 - Juvenile leaf	Boron deficiency	Genome-wide transcriptional responses to boron deficiency in Brassica napus
PRJNA393069	SRR5816433	Juvenile leaf	Low Boron - 0.25 µM - W10 - Juvenile leaf	Boron deficiency	Genome-wide transcriptional responses to boron deficiency in Brassica napus
PRJNA393069	SRR5816434	Old leaf	Low Boron - 0.25 µM - W10 - Old leaf	Boron deficiency	Genome-wide transcriptional responses to boron deficiency in Brassica napus
PRJNA393069	SRR5816435	Old leaf	Low Boron - 0.25 µM - W10 - Old leaf	Boron deficiency	Genome-wide transcriptional responses to boron deficiency in Brassica napus
PRJNA393069	SRR5816436	Old leaf	Low Boron - 0.25 µM - W10 - Old leaf	Boron deficiency	Genome-wide transcriptional responses to boron deficiency in Brassica napus
PRJNA393069	SRR5816399	Root	High Boron - 25 µM - Q10	Boron deficiency	Genome-wide transcriptional responses to boron deficiency in Brassica napus
PRJNA393069	SRR5816401	Root	High Boron - 25 µM - Q10	Boron deficiency	Genome-wide transcriptional responses to boron deficiency in Brassica napus
PRJNA393069	SRR5816402	Root	High Boron - 25 µM - Q10	Boron deficiency	Genome-wide transcriptional responses to boron deficiency in Brassica napus
PRJNA393069	SRR5816408	Root	Low Boron - 0.25 µM - Q10	Boron deficiency	Genome-wide transcriptional responses to boron deficiency in Brassica napus
PRJNA393069	SRR5816410	Root	Low Boron - 0.25 µM - Q10	Boron deficiency	Genome-wide transcriptional responses to boron deficiency in Brassica napus
PRJNA393069	SRR5816411	Root	Low Boron - 0.25 µM - Q10	Boron deficiency	Genome-wide transcriptional responses to boron deficiency in Brassica napus
PRJNA393069	SRR5816419	Root	High Boron - 25 µM - W10	Boron deficiency	Genome-wide transcriptional responses to boron deficiency in Brassica napus
PRJNA393069	SRR5816420	Root	High Boron - 25 µM - W10	Boron deficiency	Genome-wide transcriptional responses to boron deficiency in Brassica napus
PRJNA393069	SRR5816421	Root	High Boron - 25 µM - W10	Boron deficiency	Genome-wide transcriptional responses to boron deficiency in Brassica napus
PRJNA393069	SRR5816428	Root	Low Boron - 0.25 µM - W10	Boron deficiency	Genome-wide transcriptional responses to boron deficiency in Brassica napus
PRJNA393069	SRR5816429	Root	Low Boron - 0.25 µM - W10	Boron deficiency	Genome-wide transcriptional responses to boron deficiency in Brassica napus
PRJNA393069	SRR5816430	Root	Low Boron - 0.25 µM - W10	Boron deficiency	Genome-wide transcriptional responses to boron deficiency in Brassica napus
PRJNA401348	SRR6002855	whole plant	Normal - 5 leaf stage	Pi-starvation	RNA-seq of 3-leaf-stage and 5-leaf-stage Brassica napus seedlings after Pi-starvation for 7 days.
PRJNA401348	SRR6002856	whole plant	Normal - 5 leaf stage	Pi-starvation	RNA-seq of 3-leaf-stage and 5-leaf-stage Brassica napus seedlings after Pi-starvation for 7 days.
PRJNA401348	SRR6002857	whole plant	Pi Starvation - 5 leaf stage	Pi-starvation	RNA-seq of 3-leaf-stage and 5-leaf-stage Brassica napus seedlings after Pi-starvation for 7 days.
PRJNA401348	SRR6002858	whole plant	Pi Starvation - 5 leaf stage	Pi-starvation	RNA-seq of 3-leaf-stage and 5-leaf-stage Brassica napus seedlings after Pi-starvation for 7 days.
PRJNA401348	SRR6002859	whole plant	Normal - 3 leaf stage	Pi-starvation	RNA-seq of 3-leaf-stage and 5-leaf-stage Brassica napus seedlings after Pi-starvation for 7 days.
PRJNA401348	SRR6002860	whole plant	Normal - 3 leaf stage	Pi-starvation	RNA-seq of 3-leaf-stage and 5-leaf-stage Brassica napus seedlings after Pi-starvation for 7 days.
PRJNA401348	SRR6002861	whole plant	Pi Starvation - 3 leaf stage	Pi-starvation	RNA-seq of 3-leaf-stage and 5-leaf-stage Brassica napus seedlings after Pi-starvation for 7 days.
PRJNA401348	SRR6002862	whole plant	Pi Starvation - 3 leaf stage	Pi-starvation	RNA-seq of 3-leaf-stage and 5-leaf-stage Brassica napus seedlings after Pi-starvation for 7 days.
PRJNA415473	SRR6204755	whole plant	DDH20	IAA treatment	The Aux/IAA gene family were identified and analyzed comprehensively in the allotetraploid B. napus genome. This analysis provides a deeper understanding of diversification of Aux/IAA gene family and will facilitate further dissection of Aux/IAA gene function in B. napus.
PRJNA415473	SRR6204756	whole plant	IAA - 1 µM	IAA treatment	The Aux/IAA gene family were identified and analyzed comprehensively in the allotetraploid B. napus genome. This analysis provides a deeper understanding of diversification of Aux/IAA gene family and will facilitate further dissection of Aux/IAA gene function in B. napus.
PRJNA482278	SRR7550104	flower	SX-1_LA	SX-1 treatment	Transcriptome analysis of chemical induced male sterility by SX-1 in Brassica napus
PRJNA482278	SRR7550105	flower	SX-1_LA	SX-1 treatment	Transcriptome analysis of chemical induced male sterility by SX-1 in Brassica napus
PRJNA482278	SRR7550106	flower	SX-1_MA	SX-1 treatment	Transcriptome analysis of chemical induced male sterility by SX-1 in Brassica napus
PRJNA482278	SRR7550107	flower	SX-1_LA	SX-1 treatment	Transcriptome analysis of chemical induced male sterility by SX-1 in Brassica napus
PRJNA482278	SRR7550108	flower	Control_LA	SX-1 treatment	Transcriptome analysis of chemical induced male sterility by SX-1 in Brassica napus
PRJNA482278	SRR7550109	flower	Control_MA	SX-1 treatment	Transcriptome analysis of chemical induced male sterility by SX-1 in Brassica napus
PRJNA482278	SRR7550110	flower	Control_SA	SX-1 treatment	Transcriptome analysis of chemical induced male sterility by SX-1 in Brassica napus
PRJNA482278	SRR7550111	flower	Control_SA	SX-1 treatment	Transcriptome analysis of chemical induced male sterility by SX-1 in Brassica napus
PRJNA482278	SRR7550112	flower	Control_MA	SX-1 treatment	Transcriptome analysis of chemical induced male sterility by SX-1 in Brassica napus
PRJNA482278	SRR7550113	flower	Control_MA	SX-1 treatment	Transcriptome analysis of chemical induced male sterility by SX-1 in Brassica napus
PRJNA482278	SRR7550114	flower	Control_YB	SX-1 treatment	Transcriptome analysis of chemical induced male sterility by SX-1 in Brassica napus
PRJNA482278	SRR7550115	flower	Control_YB	SX-1 treatment	Transcriptome analysis of chemical induced male sterility by SX-1 in Brassica napus
PRJNA482278	SRR7550116	flower	Control_SA	SX-1 treatment	Transcriptome analysis of chemical induced male sterility by SX-1 in Brassica napus
PRJNA482278	SRR7550117	flower	Control_YB	SX-1 treatment	Transcriptome analysis of chemical induced male sterility by SX-1 in Brassica napus
PRJNA482278	SRR7550118	flower	SX-1_MA	SX-1 treatment	Transcriptome analysis of chemical induced male sterility by SX-1 in Brassica napus
PRJNA482278	SRR7550119	flower	SX-1_MA	SX-1 treatment	Transcriptome analysis of chemical induced male sterility by SX-1 in Brassica napus
PRJNA482278	SRR7550120	flower	SX-1_SA	SX-1 treatment	Transcriptome analysis of chemical induced male sterility by SX-1 in Brassica napus
PRJNA482278	SRR7550121	flower	SX-1_SA	SX-1 treatment	Transcriptome analysis of chemical induced male sterility by SX-1 in Brassica napus
PRJNA482278	SRR7550122	flower	SX-1_SA	SX-1 treatment	Transcriptome analysis of chemical induced male sterility by SX-1 in Brassica napus
PRJNA482278	SRR7550123	flower	SX-1_YB	SX-1 treatment	Transcriptome analysis of chemical induced male sterility by SX-1 in Brassica napus
PRJNA482278	SRR7550124	flower	SX-1_YB	SX-1 treatment	Transcriptome analysis of chemical induced male sterility by SX-1 in Brassica napus
PRJNA482278	SRR7550125	flower	SX-1_YB	SX-1 treatment	Transcriptome analysis of chemical induced male sterility by SX-1 in Brassica napus
PRJNA482278	SRR7550126	flower	Control_LA	SX-1 treatment	Transcriptome analysis of chemical induced male sterility by SX-1 in Brassica napus
PRJNA482278	SRR7550127	flower	Control_LA	SX-1 treatment	Transcriptome analysis of chemical induced male sterility by SX-1 in Brassica napus
PRJNA507014	SRR8245084	Mature Leaf	Normal - Mature Leaf	Effects of silicon (Si)	transilice - Effects of silicon (Si) supply on leaf and root transcriptomes
PRJNA507014	SRR8245085	Mature Leaf	Normal - Mature Leaf	Effects of silicon (Si)	transilice - Effects of silicon (Si) supply on leaf and root transcriptomes
PRJNA507014	SRR8245086	Mature Leaf	Normal - Mature Leaf	Effects of silicon (Si)	transilice - Effects of silicon (Si) supply on leaf and root transcriptomes
PRJNA507014	SRR8245087	Mature Leaf	Sodium Silicate -1.7 mM - Mature Leaf	Effects of silicon (Si)	transilice - Effects of silicon (Si) supply on leaf and root transcriptomes
PRJNA507014	SRR8245088	Mature Leaf	Sodium Silicate -1.7 mM - Mature Leaf	Effects of silicon (Si)	transilice - Effects of silicon (Si) supply on leaf and root transcriptomes
PRJNA507014	SRR8245089	Mature Leaf	Sodium Silicate -1.7 mM - Mature Leaf	Effects of silicon (Si)	transilice - Effects of silicon (Si) supply on leaf and root transcriptomes
PRJNA507014	SRR8245090	Root	Normal - Root	Effects of silicon (Si)	transilice - Effects of silicon (Si) supply on leaf and root transcriptomes
PRJNA507014	SRR8245091	Root	Normal - Root	Effects of silicon (Si)	transilice - Effects of silicon (Si) supply on leaf and root transcriptomes
PRJNA507014	SRR8245092	Root	Normal - Root	Effects of silicon (Si)	transilice - Effects of silicon (Si) supply on leaf and root transcriptomes
PRJNA507014	SRR8245093	Root	Sodium Silicate -1.7 mM - Root	Effects of silicon (Si)	transilice - Effects of silicon (Si) supply on leaf and root transcriptomes
PRJNA507014	SRR8245094	Root	Sodium Silicate -1.7 mM - Root	Effects of silicon (Si)	transilice - Effects of silicon (Si) supply on leaf and root transcriptomes
PRJNA507014	SRR8245095	Root	Sodium Silicate -1.7 mM - Root	Effects of silicon (Si)	transilice - Effects of silicon (Si) supply on leaf and root transcriptomes
PRJNA518759	SRR8518510	Root	Normal	Nitrate and ammonium nutrition	a transcriptome experiment in which oilseed rapes of 15 and 814 were subjected to nitrogen-free (Control, CK), NO3- (NT) and NH4+ (AT) treatments at the seedling stage
PRJNA518759	SRR8518511	Root	Nitrate	Nitrate and ammonium nutrition	a transcriptome experiment in which oilseed rapes of 15 and 814 were subjected to nitrogen-free (Control, CK), NO3- (NT) and NH4+ (AT) treatments at the seedling stage
PRJNA518759	SRR8518512	Root	Ammonium	Nitrate and ammonium nutrition	a transcriptome experiment in which oilseed rapes of 15 and 814 were subjected to nitrogen-free (Control, CK), NO3- (NT) and NH4+ (AT) treatments at the seedling stage
PRJNA518759	SRR8518513	Root	Normal	Nitrate and ammonium nutrition	a transcriptome experiment in which oilseed rapes of 15 and 814 were subjected to nitrogen-free (Control, CK), NO3- (NT) and NH4+ (AT) treatments at the seedling stage
PRJNA518759	SRR8518514	Root	Nitrate	Nitrate and ammonium nutrition	a transcriptome experiment in which oilseed rapes of 15 and 814 were subjected to nitrogen-free (Control, CK), NO3- (NT) and NH4+ (AT) treatments at the seedling stage
PRJNA518759	SRR8518515	Root	Ammonium	Nitrate and ammonium nutrition	a transcriptome experiment in which oilseed rapes of 15 and 814 were subjected to nitrogen-free (Control, CK), NO3- (NT) and NH4+ (AT) treatments at the seedling stage
PRJNA561674	SRR10015151	Leaf	Nacl- 125 mM - Leaf	Melatonin and salt stress	This study identified new candidate genes and pathways active during the interactions between melatonin and salt stress, which provide clues for disclosing melatonin’s function in resistance to salt injury. Our results contribute to developing a practical method for sustainable agriculture on saline lands.
PRJNA561674	SRR10015152	Root	Nacl- 125 mM - Root	Melatonin and salt stress	This study identified new candidate genes and pathways active during the interactions between melatonin and salt stress, which provide clues for disclosing melatonin’s function in resistance to salt injury. Our results contribute to developing a practical method for sustainable agriculture on saline lands.
PRJNA561674	SRR10015153	Root	Nacl- 125 mM - Root	Melatonin and salt stress	This study identified new candidate genes and pathways active during the interactions between melatonin and salt stress, which provide clues for disclosing melatonin’s function in resistance to salt injury. Our results contribute to developing a practical method for sustainable agriculture on saline lands.
PRJNA561674	SRR10015154	Root	Nacl- 125 mM - Root	Melatonin and salt stress	This study identified new candidate genes and pathways active during the interactions between melatonin and salt stress, which provide clues for disclosing melatonin’s function in resistance to salt injury. Our results contribute to developing a practical method for sustainable agriculture on saline lands.
PRJNA561674	SRR10015155	Leaf	Normal - Leaf	Melatonin and salt stress	This study identified new candidate genes and pathways active during the interactions between melatonin and salt stress, which provide clues for disclosing melatonin’s function in resistance to salt injury. Our results contribute to developing a practical method for sustainable agriculture on saline lands.
PRJNA561674	SRR10015156	Leaf	Normal - Leaf	Melatonin and salt stress	This study identified new candidate genes and pathways active during the interactions between melatonin and salt stress, which provide clues for disclosing melatonin’s function in resistance to salt injury. Our results contribute to developing a practical method for sustainable agriculture on saline lands.
PRJNA561674	SRR10015157	Leaf	Normal - Leaf	Melatonin and salt stress	This study identified new candidate genes and pathways active during the interactions between melatonin and salt stress, which provide clues for disclosing melatonin’s function in resistance to salt injury. Our results contribute to developing a practical method for sustainable agriculture on saline lands.
PRJNA561674	SRR10015158	Root	Normal - Root	Melatonin and salt stress	This study identified new candidate genes and pathways active during the interactions between melatonin and salt stress, which provide clues for disclosing melatonin’s function in resistance to salt injury. Our results contribute to developing a practical method for sustainable agriculture on saline lands.
PRJNA561674	SRR10015159	Leaf	Nacl 125 Mm + Melatonin 50 mM - Leaf	Melatonin and salt stress	This study identified new candidate genes and pathways active during the interactions between melatonin and salt stress, which provide clues for disclosing melatonin’s function in resistance to salt injury. Our results contribute to developing a practical method for sustainable agriculture on saline lands.
PRJNA561674	SRR10015160	Leaf	Nacl 125 Mm + Melatonin 50 mM - Leaf	Melatonin and salt stress	This study identified new candidate genes and pathways active during the interactions between melatonin and salt stress, which provide clues for disclosing melatonin’s function in resistance to salt injury. Our results contribute to developing a practical method for sustainable agriculture on saline lands.
PRJNA561674	SRR10015161	Leaf	Nacl 125 Mm + Melatonin 50 mM - Leaf	Melatonin and salt stress	This study identified new candidate genes and pathways active during the interactions between melatonin and salt stress, which provide clues for disclosing melatonin’s function in resistance to salt injury. Our results contribute to developing a practical method for sustainable agriculture on saline lands.
PRJNA561674	SRR10015162	Root	Nacl 125 Mm + Melatonin 50 mM - Root	Melatonin and salt stress	This study identified new candidate genes and pathways active during the interactions between melatonin and salt stress, which provide clues for disclosing melatonin’s function in resistance to salt injury. Our results contribute to developing a practical method for sustainable agriculture on saline lands.
PRJNA561674	SRR10015163	Root	Nacl 125 Mm + Melatonin 50 mM - Root	Melatonin and salt stress	This study identified new candidate genes and pathways active during the interactions between melatonin and salt stress, which provide clues for disclosing melatonin’s function in resistance to salt injury. Our results contribute to developing a practical method for sustainable agriculture on saline lands.
PRJNA561674	SRR10015164	Root	Nacl 125 Mm + Melatonin 50 mM - Root	Melatonin and salt stress	This study identified new candidate genes and pathways active during the interactions between melatonin and salt stress, which provide clues for disclosing melatonin’s function in resistance to salt injury. Our results contribute to developing a practical method for sustainable agriculture on saline lands.
PRJNA561674	SRR10015165	Leaf	Nacl- 125 mM - Leaf	Melatonin and salt stress	This study identified new candidate genes and pathways active during the interactions between melatonin and salt stress, which provide clues for disclosing melatonin’s function in resistance to salt injury. Our results contribute to developing a practical method for sustainable agriculture on saline lands.
PRJNA561674	SRR10015166	Leaf	Nacl- 125 mM - Leaf	Melatonin and salt stress	This study identified new candidate genes and pathways active during the interactions between melatonin and salt stress, which provide clues for disclosing melatonin’s function in resistance to salt injury. Our results contribute to developing a practical method for sustainable agriculture on saline lands.
PRJNA561674	SRR10015167	Root	Normal - Root	Melatonin and salt stress	This study identified new candidate genes and pathways active during the interactions between melatonin and salt stress, which provide clues for disclosing melatonin’s function in resistance to salt injury. Our results contribute to developing a practical method for sustainable agriculture on saline lands.
PRJNA561674	SRR10015168	Root	Normal - Root	Melatonin and salt stress	This study identified new candidate genes and pathways active during the interactions between melatonin and salt stress, which provide clues for disclosing melatonin’s function in resistance to salt injury. Our results contribute to developing a practical method for sustainable agriculture on saline lands.
PRJEB44381	ERR5730247	Root	1mM nitrogen (HD018) - 27 dai	Nitrogen fertilization	This study aimed to explore how nitrogen supply and Host-Plant Genotype can affect the molecular physiology of Plasmodiophora  brassicae through its life epidemiological cycle.
PRJEB44381	ERR5730248	Root	8mM nitrogen(HD018) - 1 × 107 Plasmodiophora spores ml–1 - 27 dai	Nitrogen fertilization	This study aimed to explore how nitrogen supply and Host-Plant Genotype can affect the molecular physiology of Plasmodiophora  brassicae through its life epidemiological cycle.
PRJEB44381	ERR5730250	Root	8mM nitrogen(HD018) -1 × 107 Plasmodiophora spores ml–1 - 27 dai	Nitrogen fertilization	This study aimed to explore how nitrogen supply and Host-Plant Genotype can affect the molecular physiology of Plasmodiophora  brassicae through its life epidemiological cycle.
PRJEB44381	ERR5730252	Root	8mM nitrogen(HD018) - 27 dai	Nitrogen fertilization	This study aimed to explore how nitrogen supply and Host-Plant Genotype can affect the molecular physiology of Plasmodiophora  brassicae through its life epidemiological cycle.
PRJEB44381	ERR5730254	Root	8mM nitrogen(HD018) - 27 dai	Nitrogen fertilization	This study aimed to explore how nitrogen supply and Host-Plant Genotype can affect the molecular physiology of Plasmodiophora  brassicae through its life epidemiological cycle.
PRJEB44381	ERR5730256	Root	1mM nitrogen (Yudal) -1 × 107 Plasmodiophora spores ml–1 - 27 dai	Nitrogen fertilization	This study aimed to explore how nitrogen supply and Host-Plant Genotype can affect the molecular physiology of Plasmodiophora  brassicae through its life epidemiological cycle.
PRJEB44381	ERR5730259	Root	1mM nitrogen (Yudal) -1 × 107 Plasmodiophora spores ml–1 - 27d ai	Nitrogen fertilization	This study aimed to explore how nitrogen supply and Host-Plant Genotype can affect the molecular physiology of Plasmodiophora  brassicae through its life epidemiological cycle.
PRJEB44381	ERR5730261	Root	1mM nitrogen (Yudal) - 27 dai	Nitrogen fertilization	This study aimed to explore how nitrogen supply and Host-Plant Genotype can affect the molecular physiology of Plasmodiophora  brassicae through its life epidemiological cycle.
PRJEB44381	ERR5730263	Root	1mM nitrogen (Yudal) - 27 dai	Nitrogen fertilization	This study aimed to explore how nitrogen supply and Host-Plant Genotype can affect the molecular physiology of Plasmodiophora  brassicae through its life epidemiological cycle.
PRJEB44381	ERR5730268	Root	8mM nitrogen(Yudal) - 27 dai	Nitrogen fertilization	This study aimed to explore how nitrogen supply and Host-Plant Genotype can affect the molecular physiology of Plasmodiophora  brassicae through its life epidemiological cycle.
PRJEB44381	ERR5730270	Root	8mM nitrogen(Yudal) - 27 dai	Nitrogen fertilization	This study aimed to explore how nitrogen supply and Host-Plant Genotype can affect the molecular physiology of Plasmodiophora  brassicae through its life epidemiological cycle.
PRJEB44381	ERR5730273	Root	1mM nitrogen (HD018) - 1 × 107 Plasmodiophora spores ml–1 - 42 dai	Nitrogen fertilization	This study aimed to explore how nitrogen supply and Host-Plant Genotype can affect the molecular physiology of Plasmodiophora  brassicae through its life epidemiological cycle.
PRJEB44381	ERR5730275	Root	1mM nitrogen (HD018) - 1 × 107 Plasmodiophora spores ml–1 - 42 dai	Nitrogen fertilization	This study aimed to explore how nitrogen supply and Host-Plant Genotype can affect the molecular physiology of Plasmodiophora  brassicae through its life epidemiological cycle.
PRJEB44381	ERR5730277	Root	8mM nitrogen(HD018) - 1 × 107 Plasmodiophora spores ml–1 - 42 dai	Nitrogen fertilization	This study aimed to explore how nitrogen supply and Host-Plant Genotype can affect the molecular physiology of Plasmodiophora  brassicae through its life epidemiological cycle.
PRJEB44381	ERR5730279	Root	8mM nitrogen(HD018) - 1 × 107 Plasmodiophora spores ml–1 - 42 dai	Nitrogen fertilization	This study aimed to explore how nitrogen supply and Host-Plant Genotype can affect the molecular physiology of Plasmodiophora  brassicae through its life epidemiological cycle.
PRJEB44381	ERR5730280	Root	1mM nitrogen (Yudal) - 1 × 107 Plasmodiophora spores ml–1 - 42 dai	Nitrogen fertilization	This study aimed to explore how nitrogen supply and Host-Plant Genotype can affect the molecular physiology of Plasmodiophora  brassicae through its life epidemiological cycle.
PRJEB44381	ERR5730282	Root	1mM nitrogen (Yudal) - 1 × 107 Plasmodiophora spores ml–1 - 42 dai	Nitrogen fertilization	This study aimed to explore how nitrogen supply and Host-Plant Genotype can affect the molecular physiology of Plasmodiophora  brassicae through its life epidemiological cycle.
PRJEB44381	ERR5730285	Root	8mM nitrogen(Yudal) - 1 × 107 Plasmodiophora spores ml–1 - 42 dai	Nitrogen fertilization	This study aimed to explore how nitrogen supply and Host-Plant Genotype can affect the molecular physiology of Plasmodiophora  brassicae through its life epidemiological cycle.
PRJEB44381	ERR5730287	Root	8mM nitrogen(Yudal) - 1 × 107 Plasmodiophora spores ml–1 - 42 dai	Nitrogen fertilization	This study aimed to explore how nitrogen supply and Host-Plant Genotype can affect the molecular physiology of Plasmodiophora  brassicae through its life epidemiological cycle.
PRJEB44381	ERR5730208	Root	1mM nitrogen (HD018) - 1 × 107 Plasmodiophora spores ml–1 - 14 dai	Nitrogen fertilization	This study aimed to explore how nitrogen supply and Host-Plant Genotype can affect the molecular physiology of Plasmodiophora  brassicae through its life epidemiological cycle.
PRJEB44381	ERR5730209	Root	1mM nitrogen (HD018) - 1 × 107 Plasmodiophora spores ml–1 - 14 dai	Nitrogen fertilization	This study aimed to explore how nitrogen supply and Host-Plant Genotype can affect the molecular physiology of Plasmodiophora  brassicae through its life epidemiological cycle.
PRJEB44381	ERR5730210	Root	1mM nitrogen (HD018) - 1 × 107 Plasmodiophora spores ml–1 - 14 dai	Nitrogen fertilization	This study aimed to explore how nitrogen supply and Host-Plant Genotype can affect the molecular physiology of Plasmodiophora  brassicae through its life epidemiological cycle.
PRJEB44381	ERR5730211	Root	1mM nitrogen (HD018) - 1 × 107 Plasmodiophora spores ml–1 - 14 dai	Nitrogen fertilization	This study aimed to explore how nitrogen supply and Host-Plant Genotype can affect the molecular physiology of Plasmodiophora  brassicae through its life epidemiological cycle.
PRJEB44381	ERR5730212	Root	1mM nitrogen (HD018) - 14 dai	Nitrogen fertilization	This study aimed to explore how nitrogen supply and Host-Plant Genotype can affect the molecular physiology of Plasmodiophora  brassicae through its life epidemiological cycle.
PRJEB44381	ERR5730213	Root	1mM nitrogen (HD018) - 14 dai	Nitrogen fertilization	This study aimed to explore how nitrogen supply and Host-Plant Genotype can affect the molecular physiology of Plasmodiophora  brassicae through its life epidemiological cycle.
PRJEB44381	ERR5730214	Root	1mM nitrogen (HD018) - 14 dai	Nitrogen fertilization	This study aimed to explore how nitrogen supply and Host-Plant Genotype can affect the molecular physiology of Plasmodiophora  brassicae through its life epidemiological cycle.
PRJEB44381	ERR5730215	Root	1mM nitrogen (HD018) - 14 dai	Nitrogen fertilization	This study aimed to explore how nitrogen supply and Host-Plant Genotype can affect the molecular physiology of Plasmodiophora  brassicae through its life epidemiological cycle.
PRJEB44381	ERR5730216	Root	8mM nitrogen(HD018) - 1 × 107 Plasmodiophora spores ml–1 - 14 dai	Nitrogen fertilization	This study aimed to explore how nitrogen supply and Host-Plant Genotype can affect the molecular physiology of Plasmodiophora  brassicae through its life epidemiological cycle.
PRJEB44381	ERR5730217	Root	8mM nitrogen(HD018) - 1 × 107 Plasmodiophora spores ml–1 - 14 dai	Nitrogen fertilization	This study aimed to explore how nitrogen supply and Host-Plant Genotype can affect the molecular physiology of Plasmodiophora  brassicae through its life epidemiological cycle.
PRJEB44381	ERR5730218	Root	8mM nitrogen(HD018) - 1 × 107 Plasmodiophora spores ml–1 - 14 dai	Nitrogen fertilization	This study aimed to explore how nitrogen supply and Host-Plant Genotype can affect the molecular physiology of Plasmodiophora  brassicae through its life epidemiological cycle.
PRJEB44381	ERR5730219	Root	8mM nitrogen(HD018) - 1 × 107 Plasmodiophora spores ml–1 - 14 dai	Nitrogen fertilization	This study aimed to explore how nitrogen supply and Host-Plant Genotype can affect the molecular physiology of Plasmodiophora  brassicae through its life epidemiological cycle.
PRJEB44381	ERR5730220	Root	8mM nitrogen(HD018) - 1 × 107 Plasmodiophora spores ml–1 - 14 dai	Nitrogen fertilization	This study aimed to explore how nitrogen supply and Host-Plant Genotype can affect the molecular physiology of Plasmodiophora  brassicae through its life epidemiological cycle.
PRJEB44381	ERR5730221	Root	8mM nitrogen(HD018) - 14 dai	Nitrogen fertilization	This study aimed to explore how nitrogen supply and Host-Plant Genotype can affect the molecular physiology of Plasmodiophora  brassicae through its life epidemiological cycle.
PRJEB44381	ERR5730222	Root	8mM nitrogen(HD018) - 14 dai	Nitrogen fertilization	This study aimed to explore how nitrogen supply and Host-Plant Genotype can affect the molecular physiology of Plasmodiophora  brassicae through its life epidemiological cycle.
PRJEB44381	ERR5730223	Root	8mM nitrogen(HD018) - 14 dai	Nitrogen fertilization	This study aimed to explore how nitrogen supply and Host-Plant Genotype can affect the molecular physiology of Plasmodiophora  brassicae through its life epidemiological cycle.
PRJEB44381	ERR5730224	Root	1mM nitrogen (Yudal) - 1 × 107 Plasmodiophora spores ml–1 - 14 dai	Nitrogen fertilization	This study aimed to explore how nitrogen supply and Host-Plant Genotype can affect the molecular physiology of Plasmodiophora  brassicae through its life epidemiological cycle.
PRJEB44381	ERR5730225	Root	1mM nitrogen (Yudal) - 1 × 107 Plasmodiophora spores ml–1 - 14 dai	Nitrogen fertilization	This study aimed to explore how nitrogen supply and Host-Plant Genotype can affect the molecular physiology of Plasmodiophora  brassicae through its life epidemiological cycle.
PRJEB44381	ERR5730226	Root	1mM nitrogen (Yudal) - 1 × 107 Plasmodiophora spores ml–1 - 14 dai	Nitrogen fertilization	This study aimed to explore how nitrogen supply and Host-Plant Genotype can affect the molecular physiology of Plasmodiophora  brassicae through its life epidemiological cycle.
PRJEB44381	ERR5730227	Root	1mM nitrogen (Yudal) - 1 × 107 Plasmodiophora spores ml–1 - 14 dai	Nitrogen fertilization	This study aimed to explore how nitrogen supply and Host-Plant Genotype can affect the molecular physiology of Plasmodiophora  brassicae through its life epidemiological cycle.
PRJEB44381	ERR5730228	Root	1mM nitrogen (Yudal) - 14 dai	Nitrogen fertilization	This study aimed to explore how nitrogen supply and Host-Plant Genotype can affect the molecular physiology of Plasmodiophora  brassicae through its life epidemiological cycle.
PRJEB44381	ERR5730229	Root	1mM nitrogen (Yudal) - 14 dai	Nitrogen fertilization	This study aimed to explore how nitrogen supply and Host-Plant Genotype can affect the molecular physiology of Plasmodiophora  brassicae through its life epidemiological cycle.
PRJEB44381	ERR5730230	Root	1mM nitrogen (Yudal) - 14 dai	Nitrogen fertilization	This study aimed to explore how nitrogen supply and Host-Plant Genotype can affect the molecular physiology of Plasmodiophora  brassicae through its life epidemiological cycle.
PRJEB44381	ERR5730231	Root	1mM nitrogen (Yudal) - 14 dai	Nitrogen fertilization	This study aimed to explore how nitrogen supply and Host-Plant Genotype can affect the molecular physiology of Plasmodiophora  brassicae through its life epidemiological cycle.
PRJEB44381	ERR5730232	Root	8mM nitrogen(Yudal) - 1 × 107 Plasmodiophora spores ml–1 - 14 dai	Nitrogen fertilization	This study aimed to explore how nitrogen supply and Host-Plant Genotype can affect the molecular physiology of Plasmodiophora  brassicae through its life epidemiological cycle.
PRJEB44381	ERR5730235	Root	8mM nitrogen(Yudal) - 1 × 107 Plasmodiophora spores ml–1 - 14 dai	Nitrogen fertilization	This study aimed to explore how nitrogen supply and Host-Plant Genotype can affect the molecular physiology of Plasmodiophora  brassicae through its life epidemiological cycle.
PRJEB44381	ERR5730236	Root	8mM nitrogen(Yudal) - 14 dai	Nitrogen fertilization	This study aimed to explore how nitrogen supply and Host-Plant Genotype can affect the molecular physiology of Plasmodiophora  brassicae through its life epidemiological cycle.
PRJEB44381	ERR5730237	Root	8mM nitrogen(Yudal) - 14 dai	Nitrogen fertilization	This study aimed to explore how nitrogen supply and Host-Plant Genotype can affect the molecular physiology of Plasmodiophora  brassicae through its life epidemiological cycle.
PRJEB44381	ERR5730238	Root	8mM nitrogen(Yudal) - 14 dai	Nitrogen fertilization	This study aimed to explore how nitrogen supply and Host-Plant Genotype can affect the molecular physiology of Plasmodiophora  brassicae through its life epidemiological cycle.
PRJEB44381	ERR5730239	Root	8mM nitrogen(Yudal) - 14 dai	Nitrogen fertilization	This study aimed to explore how nitrogen supply and Host-Plant Genotype can affect the molecular physiology of Plasmodiophora  brassicae through its life epidemiological cycle.
PRJEB44381	ERR5730240	Root	1mM nitrogen (HD018) - 1 × 107 Plasmodiophora spores ml–1 - 27 dai	Nitrogen fertilization	This study aimed to explore how nitrogen supply and Host-Plant Genotype can affect the molecular physiology of Plasmodiophora  brassicae through its life epidemiological cycle.
PRJEB44381	ERR5730243	Root	1mM nitrogen (HD018) - 1 × 107 Plasmodiophora spores ml–1 - 27 dai	Nitrogen fertilization	This study aimed to explore how nitrogen supply and Host-Plant Genotype can affect the molecular physiology of Plasmodiophora  brassicae through its life epidemiological cycle.
PRJEB44381	ERR5730246	Root	1mM nitrogen (HD018) - 27 dai	Nitrogen fertilization	This study aimed to explore how nitrogen supply and Host-Plant Genotype can affect the molecular physiology of Plasmodiophora  brassicae through its life epidemiological cycle.
PRJEB44381	ERR5730233	Root	8mM nitrogen(Yudal) - 1 × 107 Plasmodiophora spores ml–1 - 14 dai	Nitrogen fertilization	This study aimed to explore how nitrogen supply and Host-Plant Genotype can affect the molecular physiology of Plasmodiophora  brassicae through its life epidemiological cycle.
PRJEB44381	ERR5730234	Root	8mM nitrogen(Yudal) - 1 × 107 Plasmodiophora spores ml–1- 14 dai	Nitrogen fertilization	This study aimed to explore how nitrogen supply and Host-Plant Genotype can affect the molecular physiology of Plasmodiophora  brassicae through its life epidemiological cycle.
PRJEB44381	ERR5730241	Root	1mM nitrogen (HD018) - 1 × 107 Plasmodiophora spores ml–1 - 27 dai	Nitrogen fertilization	This study aimed to explore how nitrogen supply and Host-Plant Genotype can affect the molecular physiology of Plasmodiophora  brassicae through its life epidemiological cycle.
PRJEB44381	ERR5730242	Root	1mM nitrogen (HD018) - 1 × 107 Plasmodiophora spores ml–1 - 27 dai	Nitrogen fertilization	This study aimed to explore how nitrogen supply and Host-Plant Genotype can affect the molecular physiology of Plasmodiophora  brassicae through its life epidemiological cycle.
PRJEB44381	ERR5730244	Root	1mM nitrogen (HD018) - 27 dai	Nitrogen fertilization	This study aimed to explore how nitrogen supply and Host-Plant Genotype can affect the molecular physiology of Plasmodiophora  brassicae through its life epidemiological cycle.
PRJEB44381	ERR5730245	Root	1mM nitrogen (HD018) - 27 dai	Nitrogen fertilization	This study aimed to explore how nitrogen supply and Host-Plant Genotype can affect the molecular physiology of Plasmodiophora  brassicae through its life epidemiological cycle.
PRJEB44381	ERR5730249	Root	8mM nitrogen(HD018) - 1 × 107 Plasmodiophora spores ml–1 - 27 dai	Nitrogen fertilization	This study aimed to explore how nitrogen supply and Host-Plant Genotype can affect the molecular physiology of Plasmodiophora  brassicae through its life epidemiological cycle.
PRJEB44381	ERR5730251	Root	8mM nitrogen(HD018) - 1 × 107 Plasmodiophora spores ml–1 - 27 dai	Nitrogen fertilization	This study aimed to explore how nitrogen supply and Host-Plant Genotype can affect the molecular physiology of Plasmodiophora  brassicae through its life epidemiological cycle.
PRJEB44381	ERR5730253	Root	8mM nitrogen(HD018) - 27 dai	Nitrogen fertilization	This study aimed to explore how nitrogen supply and Host-Plant Genotype can affect the molecular physiology of Plasmodiophora  brassicae through its life epidemiological cycle.
PRJEB44381	ERR5730255	Root	8mM nitrogen(HD018) - 27 dai	Nitrogen fertilization	This study aimed to explore how nitrogen supply and Host-Plant Genotype can affect the molecular physiology of Plasmodiophora  brassicae through its life epidemiological cycle.
PRJEB44381	ERR5730257	Root	1mM nitrogen (Yudal) - 1 × 107 Plasmodiophora spores ml–1 - 27 dai	Nitrogen fertilization	This study aimed to explore how nitrogen supply and Host-Plant Genotype can affect the molecular physiology of Plasmodiophora  brassicae through its life epidemiological cycle.
PRJEB44381	ERR5730258	Root	1mM nitrogen (Yudal) - 1 × 107 Plasmodiophora spores ml–1 - 27 dai	Nitrogen fertilization	This study aimed to explore how nitrogen supply and Host-Plant Genotype can affect the molecular physiology of Plasmodiophora  brassicae through its life epidemiological cycle.
PRJEB44381	ERR5730260	Root	1mM nitrogen (Yudal) - 27 dai	Nitrogen fertilization	This study aimed to explore how nitrogen supply and Host-Plant Genotype can affect the molecular physiology of Plasmodiophora  brassicae through its life epidemiological cycle.
PRJEB44381	ERR5730262	Root	1mM nitrogen (Yudal) - 27 dai	Nitrogen fertilization	This study aimed to explore how nitrogen supply and Host-Plant Genotype can affect the molecular physiology of Plasmodiophora  brassicae through its life epidemiological cycle.
PRJEB44381	ERR5730264	Root	8mM nitrogen(Yudal) - 1 × 107 Plasmodiophora spores ml–1 - 27 dai	Nitrogen fertilization	This study aimed to explore how nitrogen supply and Host-Plant Genotype can affect the molecular physiology of Plasmodiophora  brassicae through its life epidemiological cycle.
PRJEB44381	ERR5730265	Root	8mM nitrogen(Yudal) - 1 × 107 Plasmodiophora spores ml–1 - 27 dai	Nitrogen fertilization	This study aimed to explore how nitrogen supply and Host-Plant Genotype can affect the molecular physiology of Plasmodiophora  brassicae through its life epidemiological cycle.
PRJEB44381	ERR5730266	Root	8mM nitrogen(Yudal) - 1 × 107 Plasmodiophora spores ml–1 - 27 dai	Nitrogen fertilization	This study aimed to explore how nitrogen supply and Host-Plant Genotype can affect the molecular physiology of Plasmodiophora  brassicae through its life epidemiological cycle.
PRJEB44381	ERR5730267	Root	8mM nitrogen(Yudal) - 1 × 107 Plasmodiophora spores ml–1 - 27 dai	Nitrogen fertilization	This study aimed to explore how nitrogen supply and Host-Plant Genotype can affect the molecular physiology of Plasmodiophora  brassicae through its life epidemiological cycle.
PRJEB44381	ERR5730269	Root	8mM nitrogen(Yudal) - 27 dai	Nitrogen fertilization	This study aimed to explore how nitrogen supply and Host-Plant Genotype can affect the molecular physiology of Plasmodiophora  brassicae through its life epidemiological cycle.
PRJEB44381	ERR5730271	Root	8mM nitrogen(Yudal) - 27 dai	Nitrogen fertilization	This study aimed to explore how nitrogen supply and Host-Plant Genotype can affect the molecular physiology of Plasmodiophora  brassicae through its life epidemiological cycle.
PRJEB44381	ERR5730272	Root	1mM nitrogen (HD018) - 1 × 107 Plasmodiophora spores ml–1 - 42 dai	Nitrogen fertilization	This study aimed to explore how nitrogen supply and Host-Plant Genotype can affect the molecular physiology of Plasmodiophora  brassicae through its life epidemiological cycle.
PRJEB44381	ERR5730274	Root	1mM nitrogen (HD018) - 1 × 107 Plasmodiophora spores ml–1 - 42 dai	Nitrogen fertilization	This study aimed to explore how nitrogen supply and Host-Plant Genotype can affect the molecular physiology of Plasmodiophora  brassicae through its life epidemiological cycle.
PRJEB44381	ERR5730276	Root	8mM nitrogen(HD018) - 1 × 107 Plasmodiophora spores ml–1 - 42 dai	Nitrogen fertilization	This study aimed to explore how nitrogen supply and Host-Plant Genotype can affect the molecular physiology of Plasmodiophora  brassicae through its life epidemiological cycle.
PRJEB44381	ERR5730278	Root	8mM nitrogen(HD018) - 1 × 107 Plasmodiophora spores ml–1 - 42 dai	Nitrogen fertilization	This study aimed to explore how nitrogen supply and Host-Plant Genotype can affect the molecular physiology of Plasmodiophora  brassicae through its life epidemiological cycle.
PRJEB44381	ERR5730281	Root	1mM nitrogen (Yudal) - 1 × 107 Plasmodiophora spores ml–1 - 42 dai	Nitrogen fertilization	This study aimed to explore how nitrogen supply and Host-Plant Genotype can affect the molecular physiology of Plasmodiophora  brassicae through its life epidemiological cycle.
PRJEB44381	ERR5730283	Root	1mM nitrogen (Yudal) - 1 × 107 Plasmodiophora spores ml–1 - 42 dai	Nitrogen fertilization	This study aimed to explore how nitrogen supply and Host-Plant Genotype can affect the molecular physiology of Plasmodiophora  brassicae through its life epidemiological cycle.
PRJEB44381	ERR5730284	Root	8mM nitrogen(Yudal) - 1 × 107 Plasmodiophora spores ml–1 - 42 dai	Nitrogen fertilization	This study aimed to explore how nitrogen supply and Host-Plant Genotype can affect the molecular physiology of Plasmodiophora  brassicae through its life epidemiological cycle.
PRJEB44381	ERR5730286	Root	8mM nitrogen(Yudal) - 1 × 107 Plasmodiophora spores ml–1 - 42 dai	Nitrogen fertilization	This study aimed to explore how nitrogen supply and Host-Plant Genotype can affect the molecular physiology of Plasmodiophora  brassicae through its life epidemiological cycle.
PRJNA717988	SRR14120319	Root	Control	Tribenuron-methyl stress	utilizing RNA-seq to detect genes related to tribenuron-methyl stress during the germination stage of rape.
PRJNA717988	SRR14120318	Root	3 ml of 0.15 mg•kg− 1 TBM	Tribenuron-methyl stress	utilizing RNA-seq to detect genes related to tribenuron-methyl stress during the germination stage of rape.
PRJNA717988	SRR14120317	Root	Control	Tribenuron-methyl stress	utilizing RNA-seq to detect genes related to tribenuron-methyl stress during the germination stage of rape.
PRJNA717988	SRR14120316	Root	3 ml of 0.15 mg•kg− 1 TBM	Tribenuron-methyl stress	utilizing RNA-seq to detect genes related to tribenuron-methyl stress during the germination stage of rape.
PRJNA680438	SRR13167947	Leaf	Control	Cd stress 	In this study an integrative approach using biochemical indicators and transcriptomic methods were used to determine the physiological and molecular responses of Brassica napus L. under Cd stress to the application of SeO32- or SeNPs
PRJNA680438	SRR13167945	Leaf	Cd+10 mg/L SeNPs	Cd stress 	In this study an integrative approach using biochemical indicators and transcriptomic methods were used to determine the physiological and molecular responses of Brassica napus L. under Cd stress to the application of SeO32- or SeNPs
PRJNA680438	SRR13167943	Leaf	Control	Cd stress 	In this study an integrative approach using biochemical indicators and transcriptomic methods were used to determine the physiological and molecular responses of Brassica napus L. under Cd stress to the application of SeO32- or SeNPs
PRJNA680438	SRR13167941	Leaf	50 μM CdCl2⋅2.5H2O	Cd stress 	In this study an integrative approach using biochemical indicators and transcriptomic methods were used to determine the physiological and molecular responses of Brassica napus L. under Cd stress to the application of SeO32- or SeNPs
PRJNA680438	SRR13167939	Leaf	Cd+10 mg/L SeO3 2-	Cd stress 	In this study an integrative approach using biochemical indicators and transcriptomic methods were used to determine the physiological and molecular responses of Brassica napus L. under Cd stress to the application of SeO32- or SeNPs
PRJNA680438	SRR13167937	Leaf	Cd+10 mg/L SeO3 2-	Cd stress 	In this study an integrative approach using biochemical indicators and transcriptomic methods were used to determine the physiological and molecular responses of Brassica napus L. under Cd stress to the application of SeO32- or SeNPs
PRJNA680438	SRR13167946	Leaf	Control	Cd stress 	In this study an integrative approach using biochemical indicators and transcriptomic methods were used to determine the physiological and molecular responses of Brassica napus L. under Cd stress to the application of SeO32- or SeNPs
PRJNA680438	SRR13167944	Leaf	Cd+10 mg/L SeNPs	Cd stress 	In this study an integrative approach using biochemical indicators and transcriptomic methods were used to determine the physiological and molecular responses of Brassica napus L. under Cd stress to the application of SeO32- or SeNPs
PRJNA680438	SRR13167942	Leaf	50 μM CdCl2⋅2.5H2O	Cd stress 	In this study an integrative approach using biochemical indicators and transcriptomic methods were used to determine the physiological and molecular responses of Brassica napus L. under Cd stress to the application of SeO32- or SeNPs
PRJNA680438	SRR13167940	Leaf	50 μM CdCl2⋅2.5H2O	Cd stress 	In this study an integrative approach using biochemical indicators and transcriptomic methods were used to determine the physiological and molecular responses of Brassica napus L. under Cd stress to the application of SeO32- or SeNPs
PRJNA680438	SRR13167938	Leaf	Cd+10 mg/L SeO3 2-	Cd stress 	In this study an integrative approach using biochemical indicators and transcriptomic methods were used to determine the physiological and molecular responses of Brassica napus L. under Cd stress to the application of SeO32- or SeNPs
PRJNA680438	SRR13167936	Leaf	Cd+10 mg/L SeNPs	Cd stress 	In this study an integrative approach using biochemical indicators and transcriptomic methods were used to determine the physiological and molecular responses of Brassica napus L. under Cd stress to the application of SeO32- or SeNPs