PRJNA393069,SRR5816403,Juvenile_leaf,High_Boron___25_µM___Q10___Juvenile_leaf,Boron_deficiency,Genome_wide_transcriptional_responses_to_boron_deficiency_in_Brassica_napus
PRJNA393069,SRR5816404,Juvenile_leaf,High_Boron___25_µM___Q10___Juvenile_leaf,Boron_deficiency,Genome_wide_transcriptional_responses_to_boron_deficiency_in_Brassica_napus
PRJNA393069,SRR5816405,Juvenile_leaf,High_Boron___25_µM___Q10___Juvenile_leaf,Boron_deficiency,Genome_wide_transcriptional_responses_to_boron_deficiency_in_Brassica_napus
PRJNA393069,SRR5816406,Old_leaf,High_Boron___25_µM___Q10___Old_leaf,Boron_deficiency,Genome_wide_transcriptional_responses_to_boron_deficiency_in_Brassica_napus
PRJNA393069,SRR5816407,Old_leaf,High_Boron___25_µM___Q10___Old_leaf,Boron_deficiency,Genome_wide_transcriptional_responses_to_boron_deficiency_in_Brassica_napus
PRJNA393069,SRR5816409,Old_leaf,High_Boron___25_µM___Q10___Old_leaf,Boron_deficiency,Genome_wide_transcriptional_responses_to_boron_deficiency_in_Brassica_napus
PRJNA393069,SRR5816412,Juvenile_leaf,Low_Boron___0.25_µM___Q10___Juvenile_leaf,Boron_deficiency,Genome_wide_transcriptional_responses_to_boron_deficiency_in_Brassica_napus
PRJNA393069,SRR5816413,Juvenile_leaf,Low_Boron___0.25_µM___Q10___Juvenile_leaf,Boron_deficiency,Genome_wide_transcriptional_responses_to_boron_deficiency_in_Brassica_napus
PRJNA393069,SRR5816414,Juvenile_leaf,Low_Boron___0.25_µM___Q10___Juvenile_leaf,Boron_deficiency,Genome_wide_transcriptional_responses_to_boron_deficiency_in_Brassica_napus
PRJNA393069,SRR5816415,Old_leaf,Low_Boron___0.25_µM___Q10___Old_leaf,Boron_deficiency,Genome_wide_transcriptional_responses_to_boron_deficiency_in_Brassica_napus
PRJNA393069,SRR5816416,Old_leaf,Low_Boron___0.25_µM___Q10___Old_leaf,Boron_deficiency,Genome_wide_transcriptional_responses_to_boron_deficiency_in_Brassica_napus
PRJNA393069,SRR5816417,Old_leaf,Low_Boron___0.25_µM___Q10___Old_leaf,Boron_deficiency,Genome_wide_transcriptional_responses_to_boron_deficiency_in_Brassica_napus
PRJNA393069,SRR5816422,Juvenile_leaf,High_Boron___25_µM___W10___Juvenile_leaf,Boron_deficiency,Genome_wide_transcriptional_responses_to_boron_deficiency_in_Brassica_napus
PRJNA393069,SRR5816423,Juvenile_leaf,High_Boron___25_µM___W10___Juvenile_leaf,Boron_deficiency,Genome_wide_transcriptional_responses_to_boron_deficiency_in_Brassica_napus
PRJNA393069,SRR5816424,Juvenile_leaf,High_Boron___25_µM___W10___Juvenile_leaf,Boron_deficiency,Genome_wide_transcriptional_responses_to_boron_deficiency_in_Brassica_napus
PRJNA393069,SRR5816425,Old_leaf,High_Boron___25_µM___W10___Old_leaf,Boron_deficiency,Genome_wide_transcriptional_responses_to_boron_deficiency_in_Brassica_napus
PRJNA393069,SRR5816426,Old_leaf,High_Boron___25_µM___W10___Old_leaf,Boron_deficiency,Genome_wide_transcriptional_responses_to_boron_deficiency_in_Brassica_napus
PRJNA393069,SRR5816427,Old_leaf,High_Boron___25_µM___W10___Old_leaf,Boron_deficiency,Genome_wide_transcriptional_responses_to_boron_deficiency_in_Brassica_napus
PRJNA393069,SRR5816431,Juvenile_leaf,Low_Boron___0.25_µM___W10___Juvenile_leaf,Boron_deficiency,Genome_wide_transcriptional_responses_to_boron_deficiency_in_Brassica_napus
PRJNA393069,SRR5816432,Juvenile_leaf,Low_Boron___0.25_µM___W10___Juvenile_leaf,Boron_deficiency,Genome_wide_transcriptional_responses_to_boron_deficiency_in_Brassica_napus
PRJNA393069,SRR5816433,Juvenile_leaf,Low_Boron___0.25_µM___W10___Juvenile_leaf,Boron_deficiency,Genome_wide_transcriptional_responses_to_boron_deficiency_in_Brassica_napus
PRJNA393069,SRR5816434,Old_leaf,Low_Boron___0.25_µM___W10___Old_leaf,Boron_deficiency,Genome_wide_transcriptional_responses_to_boron_deficiency_in_Brassica_napus
PRJNA393069,SRR5816435,Old_leaf,Low_Boron___0.25_µM___W10___Old_leaf,Boron_deficiency,Genome_wide_transcriptional_responses_to_boron_deficiency_in_Brassica_napus
PRJNA393069,SRR5816436,Old_leaf,Low_Boron___0.25_µM___W10___Old_leaf,Boron_deficiency,Genome_wide_transcriptional_responses_to_boron_deficiency_in_Brassica_napus
PRJNA393069,SRR5816399,Root,High_Boron___25_µM___Q10,Boron_deficiency,Genome_wide_transcriptional_responses_to_boron_deficiency_in_Brassica_napus
PRJNA393069,SRR5816401,Root,High_Boron___25_µM___Q10,Boron_deficiency,Genome_wide_transcriptional_responses_to_boron_deficiency_in_Brassica_napus
PRJNA393069,SRR5816402,Root,High_Boron___25_µM___Q10,Boron_deficiency,Genome_wide_transcriptional_responses_to_boron_deficiency_in_Brassica_napus
PRJNA393069,SRR5816408,Root,Low_Boron___0.25_µM___Q10,Boron_deficiency,Genome_wide_transcriptional_responses_to_boron_deficiency_in_Brassica_napus
PRJNA393069,SRR5816410,Root,Low_Boron___0.25_µM___Q10,Boron_deficiency,Genome_wide_transcriptional_responses_to_boron_deficiency_in_Brassica_napus
PRJNA393069,SRR5816411,Root,Low_Boron___0.25_µM___Q10,Boron_deficiency,Genome_wide_transcriptional_responses_to_boron_deficiency_in_Brassica_napus
PRJNA393069,SRR5816419,Root,High_Boron___25_µM___W10,Boron_deficiency,Genome_wide_transcriptional_responses_to_boron_deficiency_in_Brassica_napus
PRJNA393069,SRR5816420,Root,High_Boron___25_µM___W10,Boron_deficiency,Genome_wide_transcriptional_responses_to_boron_deficiency_in_Brassica_napus
PRJNA393069,SRR5816421,Root,High_Boron___25_µM___W10,Boron_deficiency,Genome_wide_transcriptional_responses_to_boron_deficiency_in_Brassica_napus
PRJNA393069,SRR5816428,Root,Low_Boron___0.25_µM___W10,Boron_deficiency,Genome_wide_transcriptional_responses_to_boron_deficiency_in_Brassica_napus
PRJNA393069,SRR5816429,Root,Low_Boron___0.25_µM___W10,Boron_deficiency,Genome_wide_transcriptional_responses_to_boron_deficiency_in_Brassica_napus
PRJNA393069,SRR5816430,Root,Low_Boron___0.25_µM___W10,Boron_deficiency,Genome_wide_transcriptional_responses_to_boron_deficiency_in_Brassica_napus
PRJNA401348,SRR6002855,whole_plant,Normal___5_leaf_stage,Pi_starvation,RNA_seq_of_3_leaf_stage_and_5_leaf_stage_Brassica_napus_seedlings_after_Pi_starvation_for_7_days.
PRJNA401348,SRR6002856,whole_plant,Normal___5_leaf_stage,Pi_starvation,RNA_seq_of_3_leaf_stage_and_5_leaf_stage_Brassica_napus_seedlings_after_Pi_starvation_for_7_days.
PRJNA401348,SRR6002857,whole_plant,Pi_Starvation___5_leaf_stage,Pi_starvation,RNA_seq_of_3_leaf_stage_and_5_leaf_stage_Brassica_napus_seedlings_after_Pi_starvation_for_7_days.
PRJNA401348,SRR6002858,whole_plant,Pi_Starvation___5_leaf_stage,Pi_starvation,RNA_seq_of_3_leaf_stage_and_5_leaf_stage_Brassica_napus_seedlings_after_Pi_starvation_for_7_days.
PRJNA401348,SRR6002859,whole_plant,Normal___3_leaf_stage,Pi_starvation,RNA_seq_of_3_leaf_stage_and_5_leaf_stage_Brassica_napus_seedlings_after_Pi_starvation_for_7_days.
PRJNA401348,SRR6002860,whole_plant,Normal___3_leaf_stage,Pi_starvation,RNA_seq_of_3_leaf_stage_and_5_leaf_stage_Brassica_napus_seedlings_after_Pi_starvation_for_7_days.
PRJNA401348,SRR6002861,whole_plant,Pi_Starvation___3_leaf_stage,Pi_starvation,RNA_seq_of_3_leaf_stage_and_5_leaf_stage_Brassica_napus_seedlings_after_Pi_starvation_for_7_days.
PRJNA401348,SRR6002862,whole_plant,Pi_Starvation___3_leaf_stage,Pi_starvation,RNA_seq_of_3_leaf_stage_and_5_leaf_stage_Brassica_napus_seedlings_after_Pi_starvation_for_7_days.
PRJNA415473,SRR6204755,whole_plant,DDH20,IAA_treatment,The_Aux/IAA_gene_family_were_identified_and_analyzed_comprehensively_in_the_allotetraploid_B._napus_genome._This_analysis_provides_a_deeper_understanding_of_diversification_of_Aux/IAA_gene_family_and_will_facilitate_further_dissection_of_Aux/IAA_gene_function_in_B._napus.
PRJNA415473,SRR6204756,whole_plant,IAA___1_µM,IAA_treatment,The_Aux/IAA_gene_family_were_identified_and_analyzed_comprehensively_in_the_allotetraploid_B._napus_genome._This_analysis_provides_a_deeper_understanding_of_diversification_of_Aux/IAA_gene_family_and_will_facilitate_further_dissection_of_Aux/IAA_gene_function_in_B._napus.
PRJNA482278,SRR7550104,flower,SX_1_LA,SX_1_treatment,Transcriptome_analysis_of_chemical_induced_male_sterility_by_SX_1_in_Brassica_napus
PRJNA482278,SRR7550105,flower,SX_1_LA,SX_1_treatment,Transcriptome_analysis_of_chemical_induced_male_sterility_by_SX_1_in_Brassica_napus
PRJNA482278,SRR7550106,flower,SX_1_MA,SX_1_treatment,Transcriptome_analysis_of_chemical_induced_male_sterility_by_SX_1_in_Brassica_napus
PRJNA482278,SRR7550107,flower,SX_1_LA,SX_1_treatment,Transcriptome_analysis_of_chemical_induced_male_sterility_by_SX_1_in_Brassica_napus
PRJNA482278,SRR7550108,flower,Control_LA,SX_1_treatment,Transcriptome_analysis_of_chemical_induced_male_sterility_by_SX_1_in_Brassica_napus
PRJNA482278,SRR7550109,flower,Control_MA,SX_1_treatment,Transcriptome_analysis_of_chemical_induced_male_sterility_by_SX_1_in_Brassica_napus
PRJNA482278,SRR7550110,flower,Control_SA,SX_1_treatment,Transcriptome_analysis_of_chemical_induced_male_sterility_by_SX_1_in_Brassica_napus
PRJNA482278,SRR7550111,flower,Control_SA,SX_1_treatment,Transcriptome_analysis_of_chemical_induced_male_sterility_by_SX_1_in_Brassica_napus
PRJNA482278,SRR7550112,flower,Control_MA,SX_1_treatment,Transcriptome_analysis_of_chemical_induced_male_sterility_by_SX_1_in_Brassica_napus
PRJNA482278,SRR7550113,flower,Control_MA,SX_1_treatment,Transcriptome_analysis_of_chemical_induced_male_sterility_by_SX_1_in_Brassica_napus
PRJNA482278,SRR7550114,flower,Control_YB,SX_1_treatment,Transcriptome_analysis_of_chemical_induced_male_sterility_by_SX_1_in_Brassica_napus
PRJNA482278,SRR7550115,flower,Control_YB,SX_1_treatment,Transcriptome_analysis_of_chemical_induced_male_sterility_by_SX_1_in_Brassica_napus
PRJNA482278,SRR7550116,flower,Control_SA,SX_1_treatment,Transcriptome_analysis_of_chemical_induced_male_sterility_by_SX_1_in_Brassica_napus
PRJNA482278,SRR7550117,flower,Control_YB,SX_1_treatment,Transcriptome_analysis_of_chemical_induced_male_sterility_by_SX_1_in_Brassica_napus
PRJNA482278,SRR7550118,flower,SX_1_MA,SX_1_treatment,Transcriptome_analysis_of_chemical_induced_male_sterility_by_SX_1_in_Brassica_napus
PRJNA482278,SRR7550119,flower,SX_1_MA,SX_1_treatment,Transcriptome_analysis_of_chemical_induced_male_sterility_by_SX_1_in_Brassica_napus
PRJNA482278,SRR7550120,flower,SX_1_SA,SX_1_treatment,Transcriptome_analysis_of_chemical_induced_male_sterility_by_SX_1_in_Brassica_napus
PRJNA482278,SRR7550121,flower,SX_1_SA,SX_1_treatment,Transcriptome_analysis_of_chemical_induced_male_sterility_by_SX_1_in_Brassica_napus
PRJNA482278,SRR7550122,flower,SX_1_SA,SX_1_treatment,Transcriptome_analysis_of_chemical_induced_male_sterility_by_SX_1_in_Brassica_napus
PRJNA482278,SRR7550123,flower,SX_1_YB,SX_1_treatment,Transcriptome_analysis_of_chemical_induced_male_sterility_by_SX_1_in_Brassica_napus
PRJNA482278,SRR7550124,flower,SX_1_YB,SX_1_treatment,Transcriptome_analysis_of_chemical_induced_male_sterility_by_SX_1_in_Brassica_napus
PRJNA482278,SRR7550125,flower,SX_1_YB,SX_1_treatment,Transcriptome_analysis_of_chemical_induced_male_sterility_by_SX_1_in_Brassica_napus
PRJNA482278,SRR7550126,flower,Control_LA,SX_1_treatment,Transcriptome_analysis_of_chemical_induced_male_sterility_by_SX_1_in_Brassica_napus
PRJNA482278,SRR7550127,flower,Control_LA,SX_1_treatment,Transcriptome_analysis_of_chemical_induced_male_sterility_by_SX_1_in_Brassica_napus
PRJNA507014,SRR8245084,Mature_Leaf,Normal___Mature_Leaf,Effects_of_silicon_(Si),transilice___Effects_of_silicon_(Si)_supply_on_leaf_and_root_transcriptomes
PRJNA507014,SRR8245085,Mature_Leaf,Normal___Mature_Leaf,Effects_of_silicon_(Si),transilice___Effects_of_silicon_(Si)_supply_on_leaf_and_root_transcriptomes
PRJNA507014,SRR8245086,Mature_Leaf,Normal___Mature_Leaf,Effects_of_silicon_(Si),transilice___Effects_of_silicon_(Si)_supply_on_leaf_and_root_transcriptomes
PRJNA507014,SRR8245087,Mature_Leaf,Sodium_Silicate__1.7_mM___Mature_Leaf,Effects_of_silicon_(Si),transilice___Effects_of_silicon_(Si)_supply_on_leaf_and_root_transcriptomes
PRJNA507014,SRR8245088,Mature_Leaf,Sodium_Silicate__1.7_mM___Mature_Leaf,Effects_of_silicon_(Si),transilice___Effects_of_silicon_(Si)_supply_on_leaf_and_root_transcriptomes
PRJNA507014,SRR8245089,Mature_Leaf,Sodium_Silicate__1.7_mM___Mature_Leaf,Effects_of_silicon_(Si),transilice___Effects_of_silicon_(Si)_supply_on_leaf_and_root_transcriptomes
PRJNA507014,SRR8245090,Root,Normal___Root,Effects_of_silicon_(Si),transilice___Effects_of_silicon_(Si)_supply_on_leaf_and_root_transcriptomes
PRJNA507014,SRR8245091,Root,Normal___Root,Effects_of_silicon_(Si),transilice___Effects_of_silicon_(Si)_supply_on_leaf_and_root_transcriptomes
PRJNA507014,SRR8245092,Root,Normal___Root,Effects_of_silicon_(Si),transilice___Effects_of_silicon_(Si)_supply_on_leaf_and_root_transcriptomes
PRJNA507014,SRR8245093,Root,Sodium_Silicate__1.7_mM___Root,Effects_of_silicon_(Si),transilice___Effects_of_silicon_(Si)_supply_on_leaf_and_root_transcriptomes
PRJNA507014,SRR8245094,Root,Sodium_Silicate__1.7_mM___Root,Effects_of_silicon_(Si),transilice___Effects_of_silicon_(Si)_supply_on_leaf_and_root_transcriptomes
PRJNA507014,SRR8245095,Root,Sodium_Silicate__1.7_mM___Root,Effects_of_silicon_(Si),transilice___Effects_of_silicon_(Si)_supply_on_leaf_and_root_transcriptomes
PRJNA518759,SRR8518510,Root,Normal,Nitrate_and_ammonium_nutrition,a_transcriptome_experiment_in_which_oilseed_rapes_of_15_and_814_were_subjected_to_nitrogen_free_(Control,_CK),_NO3__(NT)_and_NH4+_(AT)_treatments_at_the_seedling_stage
PRJNA518759,SRR8518511,Root,Nitrate,Nitrate_and_ammonium_nutrition,a_transcriptome_experiment_in_which_oilseed_rapes_of_15_and_814_were_subjected_to_nitrogen_free_(Control,_CK),_NO3__(NT)_and_NH4+_(AT)_treatments_at_the_seedling_stage
PRJNA518759,SRR8518512,Root,Ammonium,Nitrate_and_ammonium_nutrition,a_transcriptome_experiment_in_which_oilseed_rapes_of_15_and_814_were_subjected_to_nitrogen_free_(Control,_CK),_NO3__(NT)_and_NH4+_(AT)_treatments_at_the_seedling_stage
PRJNA518759,SRR8518513,Root,Normal,Nitrate_and_ammonium_nutrition,a_transcriptome_experiment_in_which_oilseed_rapes_of_15_and_814_were_subjected_to_nitrogen_free_(Control,_CK),_NO3__(NT)_and_NH4+_(AT)_treatments_at_the_seedling_stage
PRJNA518759,SRR8518514,Root,Nitrate,Nitrate_and_ammonium_nutrition,a_transcriptome_experiment_in_which_oilseed_rapes_of_15_and_814_were_subjected_to_nitrogen_free_(Control,_CK),_NO3__(NT)_and_NH4+_(AT)_treatments_at_the_seedling_stage
PRJNA518759,SRR8518515,Root,Ammonium,Nitrate_and_ammonium_nutrition,a_transcriptome_experiment_in_which_oilseed_rapes_of_15_and_814_were_subjected_to_nitrogen_free_(Control,_CK),_NO3__(NT)_and_NH4+_(AT)_treatments_at_the_seedling_stage
PRJNA561674,SRR10015151,Leaf,Nacl__125_mM___Leaf,Melatonin_and_salt_stress,This_study_identified_new_candidate_genes_and_pathways_active_during_the_interactions_between_melatonin_and_salt_stress,_which_provide_clues_for_disclosing_melatonin’s_function_in_resistance_to_salt_injury._Our_results_contribute_to_developing_a_practical_method_for_sustainable_agriculture_on_saline_lands.
PRJNA561674,SRR10015152,Root,Nacl__125_mM___Root,Melatonin_and_salt_stress,This_study_identified_new_candidate_genes_and_pathways_active_during_the_interactions_between_melatonin_and_salt_stress,_which_provide_clues_for_disclosing_melatonin’s_function_in_resistance_to_salt_injury._Our_results_contribute_to_developing_a_practical_method_for_sustainable_agriculture_on_saline_lands.
PRJNA561674,SRR10015153,Root,Nacl__125_mM___Root,Melatonin_and_salt_stress,This_study_identified_new_candidate_genes_and_pathways_active_during_the_interactions_between_melatonin_and_salt_stress,_which_provide_clues_for_disclosing_melatonin’s_function_in_resistance_to_salt_injury._Our_results_contribute_to_developing_a_practical_method_for_sustainable_agriculture_on_saline_lands.
PRJNA561674,SRR10015154,Root,Nacl__125_mM___Root,Melatonin_and_salt_stress,This_study_identified_new_candidate_genes_and_pathways_active_during_the_interactions_between_melatonin_and_salt_stress,_which_provide_clues_for_disclosing_melatonin’s_function_in_resistance_to_salt_injury._Our_results_contribute_to_developing_a_practical_method_for_sustainable_agriculture_on_saline_lands.
PRJNA561674,SRR10015155,Leaf,Normal___Leaf,Melatonin_and_salt_stress,This_study_identified_new_candidate_genes_and_pathways_active_during_the_interactions_between_melatonin_and_salt_stress,_which_provide_clues_for_disclosing_melatonin’s_function_in_resistance_to_salt_injury._Our_results_contribute_to_developing_a_practical_method_for_sustainable_agriculture_on_saline_lands.
PRJNA561674,SRR10015156,Leaf,Normal___Leaf,Melatonin_and_salt_stress,This_study_identified_new_candidate_genes_and_pathways_active_during_the_interactions_between_melatonin_and_salt_stress,_which_provide_clues_for_disclosing_melatonin’s_function_in_resistance_to_salt_injury._Our_results_contribute_to_developing_a_practical_method_for_sustainable_agriculture_on_saline_lands.
PRJNA561674,SRR10015157,Leaf,Normal___Leaf,Melatonin_and_salt_stress,This_study_identified_new_candidate_genes_and_pathways_active_during_the_interactions_between_melatonin_and_salt_stress,_which_provide_clues_for_disclosing_melatonin’s_function_in_resistance_to_salt_injury._Our_results_contribute_to_developing_a_practical_method_for_sustainable_agriculture_on_saline_lands.
PRJNA561674,SRR10015158,Root,Normal___Root,Melatonin_and_salt_stress,This_study_identified_new_candidate_genes_and_pathways_active_during_the_interactions_between_melatonin_and_salt_stress,_which_provide_clues_for_disclosing_melatonin’s_function_in_resistance_to_salt_injury._Our_results_contribute_to_developing_a_practical_method_for_sustainable_agriculture_on_saline_lands.
PRJNA561674,SRR10015159,Leaf,Nacl_125_Mm_+_Melatonin_50_mM___Leaf,Melatonin_and_salt_stress,This_study_identified_new_candidate_genes_and_pathways_active_during_the_interactions_between_melatonin_and_salt_stress,_which_provide_clues_for_disclosing_melatonin’s_function_in_resistance_to_salt_injury._Our_results_contribute_to_developing_a_practical_method_for_sustainable_agriculture_on_saline_lands.
PRJNA561674,SRR10015160,Leaf,Nacl_125_Mm_+_Melatonin_50_mM___Leaf,Melatonin_and_salt_stress,This_study_identified_new_candidate_genes_and_pathways_active_during_the_interactions_between_melatonin_and_salt_stress,_which_provide_clues_for_disclosing_melatonin’s_function_in_resistance_to_salt_injury._Our_results_contribute_to_developing_a_practical_method_for_sustainable_agriculture_on_saline_lands.
PRJNA561674,SRR10015161,Leaf,Nacl_125_Mm_+_Melatonin_50_mM___Leaf,Melatonin_and_salt_stress,This_study_identified_new_candidate_genes_and_pathways_active_during_the_interactions_between_melatonin_and_salt_stress,_which_provide_clues_for_disclosing_melatonin’s_function_in_resistance_to_salt_injury._Our_results_contribute_to_developing_a_practical_method_for_sustainable_agriculture_on_saline_lands.
PRJNA561674,SRR10015162,Root,Nacl_125_Mm_+_Melatonin_50_mM___Root,Melatonin_and_salt_stress,This_study_identified_new_candidate_genes_and_pathways_active_during_the_interactions_between_melatonin_and_salt_stress,_which_provide_clues_for_disclosing_melatonin’s_function_in_resistance_to_salt_injury._Our_results_contribute_to_developing_a_practical_method_for_sustainable_agriculture_on_saline_lands.
PRJNA561674,SRR10015163,Root,Nacl_125_Mm_+_Melatonin_50_mM___Root,Melatonin_and_salt_stress,This_study_identified_new_candidate_genes_and_pathways_active_during_the_interactions_between_melatonin_and_salt_stress,_which_provide_clues_for_disclosing_melatonin’s_function_in_resistance_to_salt_injury._Our_results_contribute_to_developing_a_practical_method_for_sustainable_agriculture_on_saline_lands.
PRJNA561674,SRR10015164,Root,Nacl_125_Mm_+_Melatonin_50_mM___Root,Melatonin_and_salt_stress,This_study_identified_new_candidate_genes_and_pathways_active_during_the_interactions_between_melatonin_and_salt_stress,_which_provide_clues_for_disclosing_melatonin’s_function_in_resistance_to_salt_injury._Our_results_contribute_to_developing_a_practical_method_for_sustainable_agriculture_on_saline_lands.
PRJNA561674,SRR10015165,Leaf,Nacl__125_mM___Leaf,Melatonin_and_salt_stress,This_study_identified_new_candidate_genes_and_pathways_active_during_the_interactions_between_melatonin_and_salt_stress,_which_provide_clues_for_disclosing_melatonin’s_function_in_resistance_to_salt_injury._Our_results_contribute_to_developing_a_practical_method_for_sustainable_agriculture_on_saline_lands.
PRJNA561674,SRR10015166,Leaf,Nacl__125_mM___Leaf,Melatonin_and_salt_stress,This_study_identified_new_candidate_genes_and_pathways_active_during_the_interactions_between_melatonin_and_salt_stress,_which_provide_clues_for_disclosing_melatonin’s_function_in_resistance_to_salt_injury._Our_results_contribute_to_developing_a_practical_method_for_sustainable_agriculture_on_saline_lands.
PRJNA561674,SRR10015167,Root,Normal___Root,Melatonin_and_salt_stress,This_study_identified_new_candidate_genes_and_pathways_active_during_the_interactions_between_melatonin_and_salt_stress,_which_provide_clues_for_disclosing_melatonin’s_function_in_resistance_to_salt_injury._Our_results_contribute_to_developing_a_practical_method_for_sustainable_agriculture_on_saline_lands.
PRJNA561674,SRR10015168,Root,Normal___Root,Melatonin_and_salt_stress,This_study_identified_new_candidate_genes_and_pathways_active_during_the_interactions_between_melatonin_and_salt_stress,_which_provide_clues_for_disclosing_melatonin’s_function_in_resistance_to_salt_injury._Our_results_contribute_to_developing_a_practical_method_for_sustainable_agriculture_on_saline_lands.
PRJEB44381,ERR5730247,Root,1mM_nitrogen_(HD018)___27_dai,Nitrogen_fertilization,This_study_aimed_to_explore_how_nitrogen_supply_and_Host_Plant_Genotype_can_affect_the_molecular_physiology_of_Plasmodiophora__brassicae_through_its_life_epidemiological_cycle.
PRJEB44381,ERR5730248,Root,8mM_nitrogen(HD018)___1_×_107_Plasmodiophora_spores_ml–1___27_dai,Nitrogen_fertilization,This_study_aimed_to_explore_how_nitrogen_supply_and_Host_Plant_Genotype_can_affect_the_molecular_physiology_of_Plasmodiophora__brassicae_through_its_life_epidemiological_cycle.
PRJEB44381,ERR5730250,Root,8mM_nitrogen(HD018)__1_×_107_Plasmodiophora_spores_ml–1___27_dai,Nitrogen_fertilization,This_study_aimed_to_explore_how_nitrogen_supply_and_Host_Plant_Genotype_can_affect_the_molecular_physiology_of_Plasmodiophora__brassicae_through_its_life_epidemiological_cycle.
PRJEB44381,ERR5730252,Root,8mM_nitrogen(HD018)___27_dai,Nitrogen_fertilization,This_study_aimed_to_explore_how_nitrogen_supply_and_Host_Plant_Genotype_can_affect_the_molecular_physiology_of_Plasmodiophora__brassicae_through_its_life_epidemiological_cycle.
PRJEB44381,ERR5730254,Root,8mM_nitrogen(HD018)___27_dai,Nitrogen_fertilization,This_study_aimed_to_explore_how_nitrogen_supply_and_Host_Plant_Genotype_can_affect_the_molecular_physiology_of_Plasmodiophora__brassicae_through_its_life_epidemiological_cycle.
PRJEB44381,ERR5730256,Root,1mM_nitrogen_(Yudal)__1_×_107_Plasmodiophora_spores_ml–1___27_dai,Nitrogen_fertilization,This_study_aimed_to_explore_how_nitrogen_supply_and_Host_Plant_Genotype_can_affect_the_molecular_physiology_of_Plasmodiophora__brassicae_through_its_life_epidemiological_cycle.
PRJEB44381,ERR5730259,Root,1mM_nitrogen_(Yudal)__1_×_107_Plasmodiophora_spores_ml–1___27d_ai,Nitrogen_fertilization,This_study_aimed_to_explore_how_nitrogen_supply_and_Host_Plant_Genotype_can_affect_the_molecular_physiology_of_Plasmodiophora__brassicae_through_its_life_epidemiological_cycle.
PRJEB44381,ERR5730261,Root,1mM_nitrogen_(Yudal)___27_dai,Nitrogen_fertilization,This_study_aimed_to_explore_how_nitrogen_supply_and_Host_Plant_Genotype_can_affect_the_molecular_physiology_of_Plasmodiophora__brassicae_through_its_life_epidemiological_cycle.
PRJEB44381,ERR5730263,Root,1mM_nitrogen_(Yudal)___27_dai,Nitrogen_fertilization,This_study_aimed_to_explore_how_nitrogen_supply_and_Host_Plant_Genotype_can_affect_the_molecular_physiology_of_Plasmodiophora__brassicae_through_its_life_epidemiological_cycle.
PRJEB44381,ERR5730268,Root,8mM_nitrogen(Yudal)___27_dai,Nitrogen_fertilization,This_study_aimed_to_explore_how_nitrogen_supply_and_Host_Plant_Genotype_can_affect_the_molecular_physiology_of_Plasmodiophora__brassicae_through_its_life_epidemiological_cycle.
PRJEB44381,ERR5730270,Root,8mM_nitrogen(Yudal)___27_dai,Nitrogen_fertilization,This_study_aimed_to_explore_how_nitrogen_supply_and_Host_Plant_Genotype_can_affect_the_molecular_physiology_of_Plasmodiophora__brassicae_through_its_life_epidemiological_cycle.
PRJEB44381,ERR5730273,Root,1mM_nitrogen_(HD018)___1_×_107_Plasmodiophora_spores_ml–1___42_dai,Nitrogen_fertilization,This_study_aimed_to_explore_how_nitrogen_supply_and_Host_Plant_Genotype_can_affect_the_molecular_physiology_of_Plasmodiophora__brassicae_through_its_life_epidemiological_cycle.
PRJEB44381,ERR5730275,Root,1mM_nitrogen_(HD018)___1_×_107_Plasmodiophora_spores_ml–1___42_dai,Nitrogen_fertilization,This_study_aimed_to_explore_how_nitrogen_supply_and_Host_Plant_Genotype_can_affect_the_molecular_physiology_of_Plasmodiophora__brassicae_through_its_life_epidemiological_cycle.
PRJEB44381,ERR5730277,Root,8mM_nitrogen(HD018)___1_×_107_Plasmodiophora_spores_ml–1___42_dai,Nitrogen_fertilization,This_study_aimed_to_explore_how_nitrogen_supply_and_Host_Plant_Genotype_can_affect_the_molecular_physiology_of_Plasmodiophora__brassicae_through_its_life_epidemiological_cycle.
PRJEB44381,ERR5730279,Root,8mM_nitrogen(HD018)___1_×_107_Plasmodiophora_spores_ml–1___42_dai,Nitrogen_fertilization,This_study_aimed_to_explore_how_nitrogen_supply_and_Host_Plant_Genotype_can_affect_the_molecular_physiology_of_Plasmodiophora__brassicae_through_its_life_epidemiological_cycle.
PRJEB44381,ERR5730280,Root,1mM_nitrogen_(Yudal)___1_×_107_Plasmodiophora_spores_ml–1___42_dai,Nitrogen_fertilization,This_study_aimed_to_explore_how_nitrogen_supply_and_Host_Plant_Genotype_can_affect_the_molecular_physiology_of_Plasmodiophora__brassicae_through_its_life_epidemiological_cycle.
PRJEB44381,ERR5730282,Root,1mM_nitrogen_(Yudal)___1_×_107_Plasmodiophora_spores_ml–1___42_dai,Nitrogen_fertilization,This_study_aimed_to_explore_how_nitrogen_supply_and_Host_Plant_Genotype_can_affect_the_molecular_physiology_of_Plasmodiophora__brassicae_through_its_life_epidemiological_cycle.
PRJEB44381,ERR5730285,Root,8mM_nitrogen(Yudal)___1_×_107_Plasmodiophora_spores_ml–1___42_dai,Nitrogen_fertilization,This_study_aimed_to_explore_how_nitrogen_supply_and_Host_Plant_Genotype_can_affect_the_molecular_physiology_of_Plasmodiophora__brassicae_through_its_life_epidemiological_cycle.
PRJEB44381,ERR5730287,Root,8mM_nitrogen(Yudal)___1_×_107_Plasmodiophora_spores_ml–1___42_dai,Nitrogen_fertilization,This_study_aimed_to_explore_how_nitrogen_supply_and_Host_Plant_Genotype_can_affect_the_molecular_physiology_of_Plasmodiophora__brassicae_through_its_life_epidemiological_cycle.
PRJEB44381,ERR5730208,Root,1mM_nitrogen_(HD018)___1_×_107_Plasmodiophora_spores_ml–1___14_dai,Nitrogen_fertilization,This_study_aimed_to_explore_how_nitrogen_supply_and_Host_Plant_Genotype_can_affect_the_molecular_physiology_of_Plasmodiophora__brassicae_through_its_life_epidemiological_cycle.
PRJEB44381,ERR5730209,Root,1mM_nitrogen_(HD018)___1_×_107_Plasmodiophora_spores_ml–1___14_dai,Nitrogen_fertilization,This_study_aimed_to_explore_how_nitrogen_supply_and_Host_Plant_Genotype_can_affect_the_molecular_physiology_of_Plasmodiophora__brassicae_through_its_life_epidemiological_cycle.
PRJEB44381,ERR5730210,Root,1mM_nitrogen_(HD018)___1_×_107_Plasmodiophora_spores_ml–1___14_dai,Nitrogen_fertilization,This_study_aimed_to_explore_how_nitrogen_supply_and_Host_Plant_Genotype_can_affect_the_molecular_physiology_of_Plasmodiophora__brassicae_through_its_life_epidemiological_cycle.
PRJEB44381,ERR5730211,Root,1mM_nitrogen_(HD018)___1_×_107_Plasmodiophora_spores_ml–1___14_dai,Nitrogen_fertilization,This_study_aimed_to_explore_how_nitrogen_supply_and_Host_Plant_Genotype_can_affect_the_molecular_physiology_of_Plasmodiophora__brassicae_through_its_life_epidemiological_cycle.
PRJEB44381,ERR5730212,Root,1mM_nitrogen_(HD018)___14_dai,Nitrogen_fertilization,This_study_aimed_to_explore_how_nitrogen_supply_and_Host_Plant_Genotype_can_affect_the_molecular_physiology_of_Plasmodiophora__brassicae_through_its_life_epidemiological_cycle.
PRJEB44381,ERR5730213,Root,1mM_nitrogen_(HD018)___14_dai,Nitrogen_fertilization,This_study_aimed_to_explore_how_nitrogen_supply_and_Host_Plant_Genotype_can_affect_the_molecular_physiology_of_Plasmodiophora__brassicae_through_its_life_epidemiological_cycle.
PRJEB44381,ERR5730214,Root,1mM_nitrogen_(HD018)___14_dai,Nitrogen_fertilization,This_study_aimed_to_explore_how_nitrogen_supply_and_Host_Plant_Genotype_can_affect_the_molecular_physiology_of_Plasmodiophora__brassicae_through_its_life_epidemiological_cycle.
PRJEB44381,ERR5730215,Root,1mM_nitrogen_(HD018)___14_dai,Nitrogen_fertilization,This_study_aimed_to_explore_how_nitrogen_supply_and_Host_Plant_Genotype_can_affect_the_molecular_physiology_of_Plasmodiophora__brassicae_through_its_life_epidemiological_cycle.
PRJEB44381,ERR5730216,Root,8mM_nitrogen(HD018)___1_×_107_Plasmodiophora_spores_ml–1___14_dai,Nitrogen_fertilization,This_study_aimed_to_explore_how_nitrogen_supply_and_Host_Plant_Genotype_can_affect_the_molecular_physiology_of_Plasmodiophora__brassicae_through_its_life_epidemiological_cycle.
PRJEB44381,ERR5730217,Root,8mM_nitrogen(HD018)___1_×_107_Plasmodiophora_spores_ml–1___14_dai,Nitrogen_fertilization,This_study_aimed_to_explore_how_nitrogen_supply_and_Host_Plant_Genotype_can_affect_the_molecular_physiology_of_Plasmodiophora__brassicae_through_its_life_epidemiological_cycle.
PRJEB44381,ERR5730218,Root,8mM_nitrogen(HD018)___1_×_107_Plasmodiophora_spores_ml–1___14_dai,Nitrogen_fertilization,This_study_aimed_to_explore_how_nitrogen_supply_and_Host_Plant_Genotype_can_affect_the_molecular_physiology_of_Plasmodiophora__brassicae_through_its_life_epidemiological_cycle.
PRJEB44381,ERR5730219,Root,8mM_nitrogen(HD018)___1_×_107_Plasmodiophora_spores_ml–1___14_dai,Nitrogen_fertilization,This_study_aimed_to_explore_how_nitrogen_supply_and_Host_Plant_Genotype_can_affect_the_molecular_physiology_of_Plasmodiophora__brassicae_through_its_life_epidemiological_cycle.
PRJEB44381,ERR5730220,Root,8mM_nitrogen(HD018)___1_×_107_Plasmodiophora_spores_ml–1___14_dai,Nitrogen_fertilization,This_study_aimed_to_explore_how_nitrogen_supply_and_Host_Plant_Genotype_can_affect_the_molecular_physiology_of_Plasmodiophora__brassicae_through_its_life_epidemiological_cycle.
PRJEB44381,ERR5730221,Root,8mM_nitrogen(HD018)___14_dai,Nitrogen_fertilization,This_study_aimed_to_explore_how_nitrogen_supply_and_Host_Plant_Genotype_can_affect_the_molecular_physiology_of_Plasmodiophora__brassicae_through_its_life_epidemiological_cycle.
PRJEB44381,ERR5730222,Root,8mM_nitrogen(HD018)___14_dai,Nitrogen_fertilization,This_study_aimed_to_explore_how_nitrogen_supply_and_Host_Plant_Genotype_can_affect_the_molecular_physiology_of_Plasmodiophora__brassicae_through_its_life_epidemiological_cycle.
PRJEB44381,ERR5730223,Root,8mM_nitrogen(HD018)___14_dai,Nitrogen_fertilization,This_study_aimed_to_explore_how_nitrogen_supply_and_Host_Plant_Genotype_can_affect_the_molecular_physiology_of_Plasmodiophora__brassicae_through_its_life_epidemiological_cycle.
PRJEB44381,ERR5730224,Root,1mM_nitrogen_(Yudal)___1_×_107_Plasmodiophora_spores_ml–1___14_dai,Nitrogen_fertilization,This_study_aimed_to_explore_how_nitrogen_supply_and_Host_Plant_Genotype_can_affect_the_molecular_physiology_of_Plasmodiophora__brassicae_through_its_life_epidemiological_cycle.
PRJEB44381,ERR5730225,Root,1mM_nitrogen_(Yudal)___1_×_107_Plasmodiophora_spores_ml–1___14_dai,Nitrogen_fertilization,This_study_aimed_to_explore_how_nitrogen_supply_and_Host_Plant_Genotype_can_affect_the_molecular_physiology_of_Plasmodiophora__brassicae_through_its_life_epidemiological_cycle.
PRJEB44381,ERR5730226,Root,1mM_nitrogen_(Yudal)___1_×_107_Plasmodiophora_spores_ml–1___14_dai,Nitrogen_fertilization,This_study_aimed_to_explore_how_nitrogen_supply_and_Host_Plant_Genotype_can_affect_the_molecular_physiology_of_Plasmodiophora__brassicae_through_its_life_epidemiological_cycle.
PRJEB44381,ERR5730227,Root,1mM_nitrogen_(Yudal)___1_×_107_Plasmodiophora_spores_ml–1___14_dai,Nitrogen_fertilization,This_study_aimed_to_explore_how_nitrogen_supply_and_Host_Plant_Genotype_can_affect_the_molecular_physiology_of_Plasmodiophora__brassicae_through_its_life_epidemiological_cycle.
PRJEB44381,ERR5730228,Root,1mM_nitrogen_(Yudal)___14_dai,Nitrogen_fertilization,This_study_aimed_to_explore_how_nitrogen_supply_and_Host_Plant_Genotype_can_affect_the_molecular_physiology_of_Plasmodiophora__brassicae_through_its_life_epidemiological_cycle.
PRJEB44381,ERR5730229,Root,1mM_nitrogen_(Yudal)___14_dai,Nitrogen_fertilization,This_study_aimed_to_explore_how_nitrogen_supply_and_Host_Plant_Genotype_can_affect_the_molecular_physiology_of_Plasmodiophora__brassicae_through_its_life_epidemiological_cycle.
PRJEB44381,ERR5730230,Root,1mM_nitrogen_(Yudal)___14_dai,Nitrogen_fertilization,This_study_aimed_to_explore_how_nitrogen_supply_and_Host_Plant_Genotype_can_affect_the_molecular_physiology_of_Plasmodiophora__brassicae_through_its_life_epidemiological_cycle.
PRJEB44381,ERR5730231,Root,1mM_nitrogen_(Yudal)___14_dai,Nitrogen_fertilization,This_study_aimed_to_explore_how_nitrogen_supply_and_Host_Plant_Genotype_can_affect_the_molecular_physiology_of_Plasmodiophora__brassicae_through_its_life_epidemiological_cycle.
PRJEB44381,ERR5730232,Root,8mM_nitrogen(Yudal)___1_×_107_Plasmodiophora_spores_ml–1___14_dai,Nitrogen_fertilization,This_study_aimed_to_explore_how_nitrogen_supply_and_Host_Plant_Genotype_can_affect_the_molecular_physiology_of_Plasmodiophora__brassicae_through_its_life_epidemiological_cycle.
PRJEB44381,ERR5730235,Root,8mM_nitrogen(Yudal)___1_×_107_Plasmodiophora_spores_ml–1___14_dai,Nitrogen_fertilization,This_study_aimed_to_explore_how_nitrogen_supply_and_Host_Plant_Genotype_can_affect_the_molecular_physiology_of_Plasmodiophora__brassicae_through_its_life_epidemiological_cycle.
PRJEB44381,ERR5730236,Root,8mM_nitrogen(Yudal)___14_dai,Nitrogen_fertilization,This_study_aimed_to_explore_how_nitrogen_supply_and_Host_Plant_Genotype_can_affect_the_molecular_physiology_of_Plasmodiophora__brassicae_through_its_life_epidemiological_cycle.
PRJEB44381,ERR5730237,Root,8mM_nitrogen(Yudal)___14_dai,Nitrogen_fertilization,This_study_aimed_to_explore_how_nitrogen_supply_and_Host_Plant_Genotype_can_affect_the_molecular_physiology_of_Plasmodiophora__brassicae_through_its_life_epidemiological_cycle.
PRJEB44381,ERR5730238,Root,8mM_nitrogen(Yudal)___14_dai,Nitrogen_fertilization,This_study_aimed_to_explore_how_nitrogen_supply_and_Host_Plant_Genotype_can_affect_the_molecular_physiology_of_Plasmodiophora__brassicae_through_its_life_epidemiological_cycle.
PRJEB44381,ERR5730239,Root,8mM_nitrogen(Yudal)___14_dai,Nitrogen_fertilization,This_study_aimed_to_explore_how_nitrogen_supply_and_Host_Plant_Genotype_can_affect_the_molecular_physiology_of_Plasmodiophora__brassicae_through_its_life_epidemiological_cycle.
PRJEB44381,ERR5730240,Root,1mM_nitrogen_(HD018)___1_×_107_Plasmodiophora_spores_ml–1___27_dai,Nitrogen_fertilization,This_study_aimed_to_explore_how_nitrogen_supply_and_Host_Plant_Genotype_can_affect_the_molecular_physiology_of_Plasmodiophora__brassicae_through_its_life_epidemiological_cycle.
PRJEB44381,ERR5730243,Root,1mM_nitrogen_(HD018)___1_×_107_Plasmodiophora_spores_ml–1___27_dai,Nitrogen_fertilization,This_study_aimed_to_explore_how_nitrogen_supply_and_Host_Plant_Genotype_can_affect_the_molecular_physiology_of_Plasmodiophora__brassicae_through_its_life_epidemiological_cycle.
PRJEB44381,ERR5730246,Root,1mM_nitrogen_(HD018)___27_dai,Nitrogen_fertilization,This_study_aimed_to_explore_how_nitrogen_supply_and_Host_Plant_Genotype_can_affect_the_molecular_physiology_of_Plasmodiophora__brassicae_through_its_life_epidemiological_cycle.
PRJEB44381,ERR5730233,Root,8mM_nitrogen(Yudal)___1_×_107_Plasmodiophora_spores_ml–1___14_dai,Nitrogen_fertilization,This_study_aimed_to_explore_how_nitrogen_supply_and_Host_Plant_Genotype_can_affect_the_molecular_physiology_of_Plasmodiophora__brassicae_through_its_life_epidemiological_cycle.
PRJEB44381,ERR5730234,Root,8mM_nitrogen(Yudal)___1_×_107_Plasmodiophora_spores_ml–1__14_dai,Nitrogen_fertilization,This_study_aimed_to_explore_how_nitrogen_supply_and_Host_Plant_Genotype_can_affect_the_molecular_physiology_of_Plasmodiophora__brassicae_through_its_life_epidemiological_cycle.
PRJEB44381,ERR5730241,Root,1mM_nitrogen_(HD018)___1_×_107_Plasmodiophora_spores_ml–1___27_dai,Nitrogen_fertilization,This_study_aimed_to_explore_how_nitrogen_supply_and_Host_Plant_Genotype_can_affect_the_molecular_physiology_of_Plasmodiophora__brassicae_through_its_life_epidemiological_cycle.
PRJEB44381,ERR5730242,Root,1mM_nitrogen_(HD018)___1_×_107_Plasmodiophora_spores_ml–1___27_dai,Nitrogen_fertilization,This_study_aimed_to_explore_how_nitrogen_supply_and_Host_Plant_Genotype_can_affect_the_molecular_physiology_of_Plasmodiophora__brassicae_through_its_life_epidemiological_cycle.
PRJEB44381,ERR5730244,Root,1mM_nitrogen_(HD018)___27_dai,Nitrogen_fertilization,This_study_aimed_to_explore_how_nitrogen_supply_and_Host_Plant_Genotype_can_affect_the_molecular_physiology_of_Plasmodiophora__brassicae_through_its_life_epidemiological_cycle.
PRJEB44381,ERR5730245,Root,1mM_nitrogen_(HD018)___27_dai,Nitrogen_fertilization,This_study_aimed_to_explore_how_nitrogen_supply_and_Host_Plant_Genotype_can_affect_the_molecular_physiology_of_Plasmodiophora__brassicae_through_its_life_epidemiological_cycle.
PRJEB44381,ERR5730249,Root,8mM_nitrogen(HD018)___1_×_107_Plasmodiophora_spores_ml–1___27_dai,Nitrogen_fertilization,This_study_aimed_to_explore_how_nitrogen_supply_and_Host_Plant_Genotype_can_affect_the_molecular_physiology_of_Plasmodiophora__brassicae_through_its_life_epidemiological_cycle.
PRJEB44381,ERR5730251,Root,8mM_nitrogen(HD018)___1_×_107_Plasmodiophora_spores_ml–1___27_dai,Nitrogen_fertilization,This_study_aimed_to_explore_how_nitrogen_supply_and_Host_Plant_Genotype_can_affect_the_molecular_physiology_of_Plasmodiophora__brassicae_through_its_life_epidemiological_cycle.
PRJEB44381,ERR5730253,Root,8mM_nitrogen(HD018)___27_dai,Nitrogen_fertilization,This_study_aimed_to_explore_how_nitrogen_supply_and_Host_Plant_Genotype_can_affect_the_molecular_physiology_of_Plasmodiophora__brassicae_through_its_life_epidemiological_cycle.
PRJEB44381,ERR5730255,Root,8mM_nitrogen(HD018)___27_dai,Nitrogen_fertilization,This_study_aimed_to_explore_how_nitrogen_supply_and_Host_Plant_Genotype_can_affect_the_molecular_physiology_of_Plasmodiophora__brassicae_through_its_life_epidemiological_cycle.
PRJEB44381,ERR5730257,Root,1mM_nitrogen_(Yudal)___1_×_107_Plasmodiophora_spores_ml–1___27_dai,Nitrogen_fertilization,This_study_aimed_to_explore_how_nitrogen_supply_and_Host_Plant_Genotype_can_affect_the_molecular_physiology_of_Plasmodiophora__brassicae_through_its_life_epidemiological_cycle.
PRJEB44381,ERR5730258,Root,1mM_nitrogen_(Yudal)___1_×_107_Plasmodiophora_spores_ml–1___27_dai,Nitrogen_fertilization,This_study_aimed_to_explore_how_nitrogen_supply_and_Host_Plant_Genotype_can_affect_the_molecular_physiology_of_Plasmodiophora__brassicae_through_its_life_epidemiological_cycle.
PRJEB44381,ERR5730260,Root,1mM_nitrogen_(Yudal)___27_dai,Nitrogen_fertilization,This_study_aimed_to_explore_how_nitrogen_supply_and_Host_Plant_Genotype_can_affect_the_molecular_physiology_of_Plasmodiophora__brassicae_through_its_life_epidemiological_cycle.
PRJEB44381,ERR5730262,Root,1mM_nitrogen_(Yudal)___27_dai,Nitrogen_fertilization,This_study_aimed_to_explore_how_nitrogen_supply_and_Host_Plant_Genotype_can_affect_the_molecular_physiology_of_Plasmodiophora__brassicae_through_its_life_epidemiological_cycle.
PRJEB44381,ERR5730264,Root,8mM_nitrogen(Yudal)___1_×_107_Plasmodiophora_spores_ml–1___27_dai,Nitrogen_fertilization,This_study_aimed_to_explore_how_nitrogen_supply_and_Host_Plant_Genotype_can_affect_the_molecular_physiology_of_Plasmodiophora__brassicae_through_its_life_epidemiological_cycle.
PRJEB44381,ERR5730265,Root,8mM_nitrogen(Yudal)___1_×_107_Plasmodiophora_spores_ml–1___27_dai,Nitrogen_fertilization,This_study_aimed_to_explore_how_nitrogen_supply_and_Host_Plant_Genotype_can_affect_the_molecular_physiology_of_Plasmodiophora__brassicae_through_its_life_epidemiological_cycle.
PRJEB44381,ERR5730266,Root,8mM_nitrogen(Yudal)___1_×_107_Plasmodiophora_spores_ml–1___27_dai,Nitrogen_fertilization,This_study_aimed_to_explore_how_nitrogen_supply_and_Host_Plant_Genotype_can_affect_the_molecular_physiology_of_Plasmodiophora__brassicae_through_its_life_epidemiological_cycle.
PRJEB44381,ERR5730267,Root,8mM_nitrogen(Yudal)___1_×_107_Plasmodiophora_spores_ml–1___27_dai,Nitrogen_fertilization,This_study_aimed_to_explore_how_nitrogen_supply_and_Host_Plant_Genotype_can_affect_the_molecular_physiology_of_Plasmodiophora__brassicae_through_its_life_epidemiological_cycle.
PRJEB44381,ERR5730269,Root,8mM_nitrogen(Yudal)___27_dai,Nitrogen_fertilization,This_study_aimed_to_explore_how_nitrogen_supply_and_Host_Plant_Genotype_can_affect_the_molecular_physiology_of_Plasmodiophora__brassicae_through_its_life_epidemiological_cycle.
PRJEB44381,ERR5730271,Root,8mM_nitrogen(Yudal)___27_dai,Nitrogen_fertilization,This_study_aimed_to_explore_how_nitrogen_supply_and_Host_Plant_Genotype_can_affect_the_molecular_physiology_of_Plasmodiophora__brassicae_through_its_life_epidemiological_cycle.
PRJEB44381,ERR5730272,Root,1mM_nitrogen_(HD018)___1_×_107_Plasmodiophora_spores_ml–1___42_dai,Nitrogen_fertilization,This_study_aimed_to_explore_how_nitrogen_supply_and_Host_Plant_Genotype_can_affect_the_molecular_physiology_of_Plasmodiophora__brassicae_through_its_life_epidemiological_cycle.
PRJEB44381,ERR5730274,Root,1mM_nitrogen_(HD018)___1_×_107_Plasmodiophora_spores_ml–1___42_dai,Nitrogen_fertilization,This_study_aimed_to_explore_how_nitrogen_supply_and_Host_Plant_Genotype_can_affect_the_molecular_physiology_of_Plasmodiophora__brassicae_through_its_life_epidemiological_cycle.
PRJEB44381,ERR5730276,Root,8mM_nitrogen(HD018)___1_×_107_Plasmodiophora_spores_ml–1___42_dai,Nitrogen_fertilization,This_study_aimed_to_explore_how_nitrogen_supply_and_Host_Plant_Genotype_can_affect_the_molecular_physiology_of_Plasmodiophora__brassicae_through_its_life_epidemiological_cycle.
PRJEB44381,ERR5730278,Root,8mM_nitrogen(HD018)___1_×_107_Plasmodiophora_spores_ml–1___42_dai,Nitrogen_fertilization,This_study_aimed_to_explore_how_nitrogen_supply_and_Host_Plant_Genotype_can_affect_the_molecular_physiology_of_Plasmodiophora__brassicae_through_its_life_epidemiological_cycle.
PRJEB44381,ERR5730281,Root,1mM_nitrogen_(Yudal)___1_×_107_Plasmodiophora_spores_ml–1___42_dai,Nitrogen_fertilization,This_study_aimed_to_explore_how_nitrogen_supply_and_Host_Plant_Genotype_can_affect_the_molecular_physiology_of_Plasmodiophora__brassicae_through_its_life_epidemiological_cycle.
PRJEB44381,ERR5730283,Root,1mM_nitrogen_(Yudal)___1_×_107_Plasmodiophora_spores_ml–1___42_dai,Nitrogen_fertilization,This_study_aimed_to_explore_how_nitrogen_supply_and_Host_Plant_Genotype_can_affect_the_molecular_physiology_of_Plasmodiophora__brassicae_through_its_life_epidemiological_cycle.
PRJEB44381,ERR5730284,Root,8mM_nitrogen(Yudal)___1_×_107_Plasmodiophora_spores_ml–1___42_dai,Nitrogen_fertilization,This_study_aimed_to_explore_how_nitrogen_supply_and_Host_Plant_Genotype_can_affect_the_molecular_physiology_of_Plasmodiophora__brassicae_through_its_life_epidemiological_cycle.
PRJEB44381,ERR5730286,Root,8mM_nitrogen(Yudal)___1_×_107_Plasmodiophora_spores_ml–1___42_dai,Nitrogen_fertilization,This_study_aimed_to_explore_how_nitrogen_supply_and_Host_Plant_Genotype_can_affect_the_molecular_physiology_of_Plasmodiophora__brassicae_through_its_life_epidemiological_cycle.
PRJNA717988,SRR14120319,Root,Control,Tribenuron_methyl_stress,utilizing_RNA_seq_to_detect_genes_related_to_tribenuron_methyl_stress_during_the_germination_stage_of_rape.
PRJNA717988,SRR14120318,Root,3_ml_of_0.15_mg•kg−_1_TBM,Tribenuron_methyl_stress,utilizing_RNA_seq_to_detect_genes_related_to_tribenuron_methyl_stress_during_the_germination_stage_of_rape.
PRJNA717988,SRR14120317,Root,Control,Tribenuron_methyl_stress,utilizing_RNA_seq_to_detect_genes_related_to_tribenuron_methyl_stress_during_the_germination_stage_of_rape.
PRJNA717988,SRR14120316,Root,3_ml_of_0.15_mg•kg−_1_TBM,Tribenuron_methyl_stress,utilizing_RNA_seq_to_detect_genes_related_to_tribenuron_methyl_stress_during_the_germination_stage_of_rape.
PRJNA680438,SRR13167947,Leaf,Control,Cd_stress_,In_this_study_an_integrative_approach_using_biochemical_indicators_and_transcriptomic_methods_were_used_to_determine_the_physiological_and_molecular_responses_of_Brassica_napus_L._under_Cd_stress_to_the_application_of_SeO32__or_SeNPs
PRJNA680438,SRR13167945,Leaf,Cd+10_mg/L_SeNPs,Cd_stress_,In_this_study_an_integrative_approach_using_biochemical_indicators_and_transcriptomic_methods_were_used_to_determine_the_physiological_and_molecular_responses_of_Brassica_napus_L._under_Cd_stress_to_the_application_of_SeO32__or_SeNPs
PRJNA680438,SRR13167943,Leaf,Control,Cd_stress_,In_this_study_an_integrative_approach_using_biochemical_indicators_and_transcriptomic_methods_were_used_to_determine_the_physiological_and_molecular_responses_of_Brassica_napus_L._under_Cd_stress_to_the_application_of_SeO32__or_SeNPs
PRJNA680438,SRR13167941,Leaf,50_μM_CdCl2⋅2.5H2O,Cd_stress_,In_this_study_an_integrative_approach_using_biochemical_indicators_and_transcriptomic_methods_were_used_to_determine_the_physiological_and_molecular_responses_of_Brassica_napus_L._under_Cd_stress_to_the_application_of_SeO32__or_SeNPs
PRJNA680438,SRR13167939,Leaf,Cd+10_mg/L_SeO3_2_,Cd_stress_,In_this_study_an_integrative_approach_using_biochemical_indicators_and_transcriptomic_methods_were_used_to_determine_the_physiological_and_molecular_responses_of_Brassica_napus_L._under_Cd_stress_to_the_application_of_SeO32__or_SeNPs
PRJNA680438,SRR13167937,Leaf,Cd+10_mg/L_SeO3_2_,Cd_stress_,In_this_study_an_integrative_approach_using_biochemical_indicators_and_transcriptomic_methods_were_used_to_determine_the_physiological_and_molecular_responses_of_Brassica_napus_L._under_Cd_stress_to_the_application_of_SeO32__or_SeNPs
PRJNA680438,SRR13167946,Leaf,Control,Cd_stress_,In_this_study_an_integrative_approach_using_biochemical_indicators_and_transcriptomic_methods_were_used_to_determine_the_physiological_and_molecular_responses_of_Brassica_napus_L._under_Cd_stress_to_the_application_of_SeO32__or_SeNPs
PRJNA680438,SRR13167944,Leaf,Cd+10_mg/L_SeNPs,Cd_stress_,In_this_study_an_integrative_approach_using_biochemical_indicators_and_transcriptomic_methods_were_used_to_determine_the_physiological_and_molecular_responses_of_Brassica_napus_L._under_Cd_stress_to_the_application_of_SeO32__or_SeNPs
PRJNA680438,SRR13167942,Leaf,50_μM_CdCl2⋅2.5H2O,Cd_stress_,In_this_study_an_integrative_approach_using_biochemical_indicators_and_transcriptomic_methods_were_used_to_determine_the_physiological_and_molecular_responses_of_Brassica_napus_L._under_Cd_stress_to_the_application_of_SeO32__or_SeNPs
PRJNA680438,SRR13167940,Leaf,50_μM_CdCl2⋅2.5H2O,Cd_stress_,In_this_study_an_integrative_approach_using_biochemical_indicators_and_transcriptomic_methods_were_used_to_determine_the_physiological_and_molecular_responses_of_Brassica_napus_L._under_Cd_stress_to_the_application_of_SeO32__or_SeNPs
PRJNA680438,SRR13167938,Leaf,Cd+10_mg/L_SeO3_2_,Cd_stress_,In_this_study_an_integrative_approach_using_biochemical_indicators_and_transcriptomic_methods_were_used_to_determine_the_physiological_and_molecular_responses_of_Brassica_napus_L._under_Cd_stress_to_the_application_of_SeO32__or_SeNPs
PRJNA680438,SRR13167936,Leaf,Cd+10_mg/L_SeNPs,Cd_stress_,In_this_study_an_integrative_approach_using_biochemical_indicators_and_transcriptomic_methods_were_used_to_determine_the_physiological_and_molecular_responses_of_Brassica_napus_L._under_Cd_stress_to_the_application_of_SeO32__or_SeNPs
