PRJNA262144,SRR1604976,Seed,embryo___CR3170,embryos_cultivars,RNA_seq_of_embryos_from_different_cultivar
PRJNA262144,SRR1604973,Seed,embryo___CR3170,embryos_cultivars,RNA_seq_of_embryos_from_different_cultivar
PRJNA262144,SRR1604978,Seed,embryo___CR3170,embryos_cultivars,RNA_seq_of_embryos_from_different_cultivar
PRJNA262144,SRR1604996,Seed,embryo___CR3231,embryos_cultivars,RNA_seq_of_embryos_from_different_cultivar
PRJNA262144,SRR1604998,Seed,embryo___CR3231,embryos_cultivars,RNA_seq_of_embryos_from_different_cultivar
PRJNA262144,SRR1605000,Seed,embryo___CR3231,embryos_cultivars,RNA_seq_of_embryos_from_different_cultivar
PRJNA277295,SRR1916242,Leaf,leaf,leafs_seeds,The_transcriptome_sequencing_of_leaves_and_seeds
PRJNA277295,SRR2016207,Seed,seed,leafs_seeds,The_transcriptome_sequencing_of_leaves_and_seeds
PRJNA285423,SRR2046992,Seed,seed_25d_after_flowering___R1,silique_seeds,The_transcriptome_sequencing_of_silique_and_seeds
PRJNA285423,SRR2046993,silique,silique_pericarp_16d_after_flowering___R1,silique_seeds,The_transcriptome_sequencing_of_silique_and_seeds
PRJNA285423,SRR2046994,Seed,seed_25d_after_flowering___zy72360,silique_seeds,The_transcriptome_sequencing_of_silique_and_seeds
PRJNA285423,SRR2046995,silique,silique_pericarp_16d_after_flowering___zy72360,silique_seeds,The_transcriptome_sequencing_of_silique_and_seeds
PRJNA311067,SRR3147783,Seed,seed_2_weeks_after_pollination,seeds,The_transcriptome_sequencing_of_seeds
PRJNA311067,SRR3147784,Seed,seed_4_weeks_after_pollination,seeds,The_transcriptome_sequencing_of_seeds
PRJNA311067,SRR3147785,Seed,seed_6_weeks_after_pollination,seeds,The_transcriptome_sequencing_of_seeds
PRJNA311067,SRR3147786,Seed,seed_8_weeks_after_pollination,seeds,The_transcriptome_sequencing_of_seeds
PRJNA338132,SRR5905522,Stem,shoot_apexes___ZYZ108,hybrid_vigor_of_allopolyploid_(stem_flower),The_transcriptome_sequencing_of_the_two_parents_and_their_F1_hybrids
PRJNA338132,SRR5905523,flower,bud___ZY50,hybrid_vigor_of_allopolyploid_(stem_flower),The_transcriptome_sequencing_of_the_two_parents_and_their_F1_hybrids
PRJNA338132,SRR5905524,Stem,shoot_apexes___ZYZ108,hybrid_vigor_of_allopolyploid_(stem_flower),The_transcriptome_sequencing_of_the_two_parents_and_their_F1_hybrids
PRJNA338132,SRR5905525,flower,bud___ZY50,hybrid_vigor_of_allopolyploid_(stem_flower),The_transcriptome_sequencing_of_the_two_parents_and_their_F1_hybrids
PRJNA338132,SRR5905526,flower,bud___ZYZ108,hybrid_vigor_of_allopolyploid_(stem_flower),The_transcriptome_sequencing_of_the_two_parents_and_their_F1_hybrids
PRJNA338132,SRR5905527,flower,bud___ZYZ108,hybrid_vigor_of_allopolyploid_(stem_flower),The_transcriptome_sequencing_of_the_two_parents_and_their_F1_hybrids
PRJNA338132,SRR5905528,Stem,shoot_apexes___ZYZ108,hybrid_vigor_of_allopolyploid_(stem_flower),The_transcriptome_sequencing_of_the_two_parents_and_their_F1_hybrids
PRJNA338132,SRR5905529,Stem,shoot_apexes___ZYZ108,hybrid_vigor_of_allopolyploid_(stem_flower),The_transcriptome_sequencing_of_the_two_parents_and_their_F1_hybrids
PRJNA338132,SRR5905530,Stem,shoot_apexes___MB,hybrid_vigor_of_allopolyploid_(stem_flower),The_transcriptome_sequencing_of_the_two_parents_and_their_F1_hybrids
PRJNA338132,SRR5905531,Stem,shoot_apexes___MB,hybrid_vigor_of_allopolyploid_(stem_flower),The_transcriptome_sequencing_of_the_two_parents_and_their_F1_hybrids
PRJNA338132,SRR5905532,Stem,shoot_apexes___ZY50,hybrid_vigor_of_allopolyploid_(stem_flower),The_transcriptome_sequencing_of_the_two_parents_and_their_F1_hybrids
PRJNA338132,SRR5905533,Stem,shoot_apexes___ZY50,hybrid_vigor_of_allopolyploid_(stem_flower),The_transcriptome_sequencing_of_the_two_parents_and_their_F1_hybrids
PRJNA338132,SRR5905537,Stem,shoot_apexes___MB,hybrid_vigor_of_allopolyploid_(stem_flower),The_transcriptome_sequencing_of_the_two_parents_and_their_F1_hybrids
PRJNA338132,SRR5905538,flower,bud___MB,hybrid_vigor_of_allopolyploid_(stem_flower),The_transcriptome_sequencing_of_the_two_parents_and_their_F1_hybrids
PRJNA338132,SRR5905539,flower,bud___MB,hybrid_vigor_of_allopolyploid_(stem_flower),The_transcriptome_sequencing_of_the_two_parents_and_their_F1_hybrids
PRJNA338132,SRR5905540,Stem,shoot_apexes___ZY50,hybrid_vigor_of_allopolyploid_(stem_flower),The_transcriptome_sequencing_of_the_two_parents_and_their_F1_hybrids
PRJNA338132,SRR5905541,Stem,shoot_apexes___ZY50,hybrid_vigor_of_allopolyploid_(stem_flower),The_transcriptome_sequencing_of_the_two_parents_and_their_F1_hybrids
PRJNA362706,SRR5208529,flower,anther___Yudal,allopolyploid,Impact_evaluation_of_homoeologous_exchanges_in_gene_expression_in_an_allopolyploid_crop
PRJNA362706,SRR5208530,flower,anther___Yudal,allopolyploid,Impact_evaluation_of_homoeologous_exchanges_in_gene_expression_in_an_allopolyploid_crop
PRJNA362706,SRR5208534,flower,anther___Yudal,allopolyploid,Impact_evaluation_of_homoeologous_exchanges_in_gene_expression_in_an_allopolyploid_crop
PRJNA362706,SRR5208536,flower,anther__Darmor_bzh,allopolyploid,Impact_evaluation_of_homoeologous_exchanges_in_gene_expression_in_an_allopolyploid_crop
PRJNA362706,SRR5208537,flower,anther__Darmor_bzh,allopolyploid,Impact_evaluation_of_homoeologous_exchanges_in_gene_expression_in_an_allopolyploid_crop
PRJNA362706,SRR5208538,flower,anther__Darmor_bzh,allopolyploid,Impact_evaluation_of_homoeologous_exchanges_in_gene_expression_in_an_allopolyploid_crop
PRJNA362706,SRR5208540,flower,anther__Darmor_bzh,allopolyploid,Impact_evaluation_of_homoeologous_exchanges_in_gene_expression_in_an_allopolyploid_crop
PRJNA378682,SRR5331895,Stem,stem___bolting_stage,branch_angle,The_study_of_branch_angle
PRJNA378682,SRR5331949,Stem,stem___bolting_stage,branch_angle,The_study_of_branch_angle
PRJNA378682,SRR5331950,Stem,stem___beginning_of_florescence,branch_angle,The_study_of_branch_angle
PRJNA378682,SRR5331997,Stem,stem___beginning_of_florescence,branch_angle,The_study_of_branch_angle
PRJNA390000,SRR5665895,Leaf,leaf,flowering_time_(leaf_stem),The_genetic_architecture_and_gene_regulation_of_flowering_time
PRJNA390000,SRR5674588,Leaf,leaf,flowering_time_(leaf_stem),The_genetic_architecture_and_gene_regulation_of_flowering_time
PRJNA390000,SRR5674589,Stem,shoot_apexes,flowering_time_(leaf_stem),The_genetic_architecture_and_gene_regulation_of_flowering_time
PRJNA390000,SRR5674590,Stem,shoot_apexes,flowering_time_(leaf_stem),The_genetic_architecture_and_gene_regulation_of_flowering_time
PRJNA470566,SRR7135733,Seed,endosperm___9Y,endosperm_development,Gene_expression_in_developing_rapeseed_endosperms_from_reciprocal_crosses_between_inbred_lines_YN171_and_93276
PRJNA470566,SRR7135734,Seed,endosperm___Y9,endosperm_development,Gene_expression_in_developing_rapeseed_endosperms_from_reciprocal_crosses_between_inbred_lines_YN171_and_93277
PRJNA470566,SRR7135735,Seed,endosperm___Y9,endosperm_development,Gene_expression_in_developing_rapeseed_endosperms_from_reciprocal_crosses_between_inbred_lines_YN171_and_93278
PRJNA470566,SRR7135736,Seed,endosperm___YN171,endosperm_development,Gene_expression_in_developing_rapeseed_endosperms_from_reciprocal_crosses_between_inbred_lines_YN171_and_93279
PRJNA470566,SRR7135737,Seed,endosperm___YN171,endosperm_development,Gene_expression_in_developing_rapeseed_endosperms_from_reciprocal_crosses_between_inbred_lines_YN171_and_93280
PRJNA470566,SRR7135738,Seed,endosperm___93275,endosperm_development,Gene_expression_in_developing_rapeseed_endosperms_from_reciprocal_crosses_between_inbred_lines_YN171_and_93281
PRJNA490162,SRR7814560,Root,Regal_30d,root_development,Differences_in_root_development_in_winter_and_spring_canola
PRJNA490162,SRR7814561,Root,Wester_30d,root_development,Differences_in_root_development_in_winter_and_spring_canola
PRJNA490162,SRR7814562,Root,Kanada_30d,root_development,Differences_in_root_development_in_winter_and_spring_canola
PRJNA490162,SRR7814563,Root,Wester_30d,root_development,Differences_in_root_development_in_winter_and_spring_canola
PRJNA490162,SRR7814564,Root,Kanada_30d,root_development,Differences_in_root_development_in_winter_and_spring_canola
PRJNA490162,SRR7814565,Root,Wester_60d,root_development,Differences_in_root_development_in_winter_and_spring_canola
PRJNA490162,SRR7814566,Root,Regal_30d,root_development,Differences_in_root_development_in_winter_and_spring_canola
PRJNA490162,SRR7814567,Root,Wester_30d,root_development,Differences_in_root_development_in_winter_and_spring_canola
PRJNA490162,SRR7814568,Root,Regal_60d,root_development,Differences_in_root_development_in_winter_and_spring_canola
PRJNA490162,SRR7814569,Root,Lindora_30d,root_development,Differences_in_root_development_in_winter_and_spring_canola
PRJNA490162,SRR7814570,Root,Regal_30d,root_development,Differences_in_root_development_in_winter_and_spring_canola
PRJNA490162,SRR7814571,Root,Lindora_60d,root_development,Differences_in_root_development_in_winter_and_spring_canola
PRJNA490162,SRR7814572,Root,Kanada_30d,root_development,Differences_in_root_development_in_winter_and_spring_canola
PRJNA490162,SRR7814573,Root,Lindora_30d,root_development,Differences_in_root_development_in_winter_and_spring_canola
PRJNA490162,SRR7814574,Root,Regal_60d,root_development,Differences_in_root_development_in_winter_and_spring_canola
PRJNA490162,SRR7814575,Root,Kanada_60d,root_development,Differences_in_root_development_in_winter_and_spring_canola
PRJNA490162,SRR7814576,Root,Kanada_60d,root_development,Differences_in_root_development_in_winter_and_spring_canola
PRJNA490162,SRR7814577,Root,Kanada_30d,root_development,Differences_in_root_development_in_winter_and_spring_canola
PRJNA490162,SRR7814579,Root,Regal_60d,root_development,Differences_in_root_development_in_winter_and_spring_canola
PRJNA490162,SRR7814580,Root,Kanada_60d,root_development,Differences_in_root_development_in_winter_and_spring_canola
PRJNA490162,SRR7814581,Root,Kanada_60d,root_development,Differences_in_root_development_in_winter_and_spring_canola
PRJNA492185,SRR7880321,silique,silique___30_DAF,silique_development,The_transcriptome_from_B._napus_seeds_in_different_developmental_stages
PRJNA492185,SRR7880322,silique,silique__40_DAF,silique_development,The_transcriptome_from_B._napus_seeds_in_different_developmental_stages
PRJNA492185,SRR7880323,silique,silique___25_DAF,silique_development,The_transcriptome_from_B._napus_seeds_in_different_developmental_stages
PRJNA492185,SRR7880324,silique,silique___25_DAF,silique_development,The_transcriptome_from_B._napus_seeds_in_different_developmental_stages
PRJNA492185,SRR7880325,silique,silique___30_DAF,silique_development,The_transcriptome_from_B._napus_seeds_in_different_developmental_stages
PRJNA492185,SRR7880326,silique,silique___30_DAF,silique_development,The_transcriptome_from_B._napus_seeds_in_different_developmental_stages
PRJNA492185,SRR7880327,silique,silique___10_20_DAF,silique_development,The_transcriptome_from_B._napus_seeds_in_different_developmental_stages
PRJNA492185,SRR7880328,silique,silique___10_20_DAF,silique_development,The_transcriptome_from_B._napus_seeds_in_different_developmental_stages
PRJNA492185,SRR7880329,silique,silique___10_20_DAF,silique_development,The_transcriptome_from_B._napus_seeds_in_different_developmental_stages
PRJNA492185,SRR7880330,silique,silique___25_DAF,silique_development,The_transcriptome_from_B._napus_seeds_in_different_developmental_stages
PRJNA492185,SRR7880332,silique,silique___30_DAF,silique_development,The_transcriptome_from_B._napus_seeds_in_different_developmental_stages
PRJNA492185,SRR7880333,silique,silique___40_DAF,silique_development,The_transcriptome_from_B._napus_seeds_in_different_developmental_stages
PRJNA492185,SRR7880334,silique,silique___10_20_DAF,silique_development,The_transcriptome_from_B._napus_seeds_in_different_developmental_stages
PRJNA492185,SRR7880336,silique,silique___10_20_DAF,silique_development,The_transcriptome_from_B._napus_seeds_in_different_developmental_stages
PRJNA492185,SRR7880338,silique,silique___25_DAF,silique_development,The_transcriptome_from_B._napus_seeds_in_different_developmental_stages
PRJNA492185,SRR7880339,silique,silique___25_DAF,silique_development,The_transcriptome_from_B._napus_seeds_in_different_developmental_stages
PRJNA492185,SRR7880340,silique,silique___30_DAF,silique_development,The_transcriptome_from_B._napus_seeds_in_different_developmental_stages
PRJNA502996,SRR8138193,flower,anther___Shaan2B,Cytoplasmic_male_sterility_(CMS_anther_bulb),Transcriptomic_analysis_of_Shaan2A_CMS_in_Brassica_napus.
PRJNA502996,SRR8138194,flower,anther___Shaan2A,Cytoplasmic_male_sterility_(CMS_anther_bulb),Transcriptomic_analysis_of_Shaan2A_CMS_in_Brassica_napus.
PRJNA502996,SRR8138195,flower,bud___Shaan2B,Cytoplasmic_male_sterility_(CMS_anther_bulb),Transcriptomic_analysis_of_Shaan2A_CMS_in_Brassica_napus.
PRJNA502996,SRR8138196,flower,bud___Shaan2A,Cytoplasmic_male_sterility_(CMS_anther_bulb),Transcriptomic_analysis_of_Shaan2A_CMS_in_Brassica_napus.
PRJNA502996,SRR8138197,flower,bud___Shaan2A,Cytoplasmic_male_sterility_(CMS_anther_bulb),Transcriptomic_analysis_of_Shaan2A_CMS_in_Brassica_napus.
PRJNA502996,SRR8138198,flower,bud___Shaan2A,Cytoplasmic_male_sterility_(CMS_anther_bulb),Transcriptomic_analysis_of_Shaan2A_CMS_in_Brassica_napus.
PRJNA502996,SRR8138199,flower,anther___Shaan2A,Cytoplasmic_male_sterility_(CMS_anther_bulb),Transcriptomic_analysis_of_Shaan2A_CMS_in_Brassica_napus.
PRJNA502996,SRR8138200,flower,anther___Shaan2A,Cytoplasmic_male_sterility_(CMS_anther_bulb),Transcriptomic_analysis_of_Shaan2A_CMS_in_Brassica_napus.
PRJNA502996,SRR8138201,flower,bud___Shaan2B,Cytoplasmic_male_sterility_(CMS_anther_bulb),Transcriptomic_analysis_of_Shaan2A_CMS_in_Brassica_napus.
PRJNA502996,SRR8138202,flower,bud___Shaan2B,Cytoplasmic_male_sterility_(CMS_anther_bulb),Transcriptomic_analysis_of_Shaan2A_CMS_in_Brassica_napus.
PRJNA502996,SRR8138203,flower,anther___Shaan2B,Cytoplasmic_male_sterility_(CMS_anther_bulb),Transcriptomic_analysis_of_Shaan2A_CMS_in_Brassica_napus.
PRJNA502996,SRR8138204,flower,anther___Shaan2B,Cytoplasmic_male_sterility_(CMS_anther_bulb),Transcriptomic_analysis_of_Shaan2A_CMS_in_Brassica_napus.
PRJNA507497,SRR8477017,flower,bud___highTPC___YC33_(10–1047),thickness_of_pod_canopy_(TPC_stem_flower),RNA_profiling_of_two_groups_of_oilseed_rape_lines_with_significantly_different_TPC_at_the_bolting_with_tiny_flower_bud_stage
PRJNA507497,SRR8477018,Stem,shoot_apexes___highTPC___YC33_(10–1047),thickness_of_pod_canopy_(TPC_stem_flower),RNA_profiling_of_two_groups_of_oilseed_rape_lines_with_significantly_different_TPC_at_the_bolting_with_tiny_flower_bud_stage
PRJNA507497,SRR8477019,flower,bud___lowRPC___YC15_(Zhongyou821),thickness_of_pod_canopy_(TPC_stem_flower),RNA_profiling_of_two_groups_of_oilseed_rape_lines_with_significantly_different_TPC_at_the_bolting_with_tiny_flower_bud_stage
PRJNA507497,SRR8477020,Stem,shoot_apexes___lowTPC___YC15_(Zhongyou821),thickness_of_pod_canopy_(TPC_stem_flower),RNA_profiling_of_two_groups_of_oilseed_rape_lines_with_significantly_different_TPC_at_the_bolting_with_tiny_flower_bud_stage
PRJNA507497,SRR8477021,flower,bud___lowTPC___YC11_(Zhongshuang11),thickness_of_pod_canopy_(TPC_stem_flower),RNA_profiling_of_two_groups_of_oilseed_rape_lines_with_significantly_different_TPC_at_the_bolting_with_tiny_flower_bud_stage
PRJNA507497,SRR8477022,Stem,shoot_apexes___lowTPC___YC11_(Zhongshuang11),thickness_of_pod_canopy_(TPC_stem_flower),RNA_profiling_of_two_groups_of_oilseed_rape_lines_with_significantly_different_TPC_at_the_bolting_with_tiny_flower_bud_stage
PRJNA507497,SRR8477029,flower,bud___highTPC___YC4_(SWU71),thickness_of_pod_canopy_(TPC_stem_flower),RNA_profiling_of_two_groups_of_oilseed_rape_lines_with_significantly_different_TPC_at_the_bolting_with_tiny_flower_bud_stage
PRJNA507497,SRR8477030,Stem,shoot_apexes___highTPC___YC4_(SWU71),thickness_of_pod_canopy_(TPC_stem_flower),RNA_profiling_of_two_groups_of_oilseed_rape_lines_with_significantly_different_TPC_at_the_bolting_with_tiny_flower_bud_stage
PRJNA507497,SRR8477031,flower,bud___highTPC___YC33_(10–1047),thickness_of_pod_canopy_(TPC_stem_flower),RNA_profiling_of_two_groups_of_oilseed_rape_lines_with_significantly_different_TPC_at_the_bolting_with_tiny_flower_bud_stage
PRJNA507497,SRR8477032,Stem,shoot_apexes___highTPC___YC33_(10–1047),thickness_of_pod_canopy_(TPC_stem_flower),RNA_profiling_of_two_groups_of_oilseed_rape_lines_with_significantly_different_TPC_at_the_bolting_with_tiny_flower_bud_stage
PRJNA507497,SRR8477033,flower,bud___lowTPC___YC15_(Zhongyou821),thickness_of_pod_canopy_(TPC_stem_flower),RNA_profiling_of_two_groups_of_oilseed_rape_lines_with_significantly_different_TPC_at_the_bolting_with_tiny_flower_bud_stage
PRJNA507497,SRR8477034,Stem,shoot_apexes___lowTPC___YC15_(Zhongyou821),thickness_of_pod_canopy_(TPC_stem_flower),RNA_profiling_of_two_groups_of_oilseed_rape_lines_with_significantly_different_TPC_at_the_bolting_with_tiny_flower_bud_stage
PRJNA507497,SRR8477035,flower,bud___lowTPC___YC11_(Zhongshuang11),thickness_of_pod_canopy_(TPC_stem_flower),RNA_profiling_of_two_groups_of_oilseed_rape_lines_with_significantly_different_TPC_at_the_bolting_with_tiny_flower_bud_stage
PRJNA507497,SRR8477036,Stem,shoot_apexes___lowTPC___YC11_(Zhongshuang11),thickness_of_pod_canopy_(TPC_stem_flower),RNA_profiling_of_two_groups_of_oilseed_rape_lines_with_significantly_different_TPC_at_the_bolting_with_tiny_flower_bud_stage
PRJNA507497,SRR8477037,flower,bud___highTPC___YC4_(SWU71),thickness_of_pod_canopy_(TPC_stem_flower),RNA_profiling_of_two_groups_of_oilseed_rape_lines_with_significantly_different_TPC_at_the_bolting_with_tiny_flower_bud_stage
PRJNA507497,SRR8477038,Stem,shoot_apexes___highTPC___YC4_(SWU71),thickness_of_pod_canopy_(TPC_stem_flower),RNA_profiling_of_two_groups_of_oilseed_rape_lines_with_significantly_different_TPC_at_the_bolting_with_tiny_flower_bud_stage
PRJNA540020,SRR9038792,Leaf,leaf_reproductive_EV,flowering_time,The_transcriptome_sequencing_in_related_to_flowering_time
PRJNA540020,SRR9038793,Leaf,leaf_reproductive_LV,flowering_time,The_transcriptome_sequencing_in_related_to_flowering_time
PRJNA540020,SRR9038794,Leaf,leaf_vegetative_ER,flowering_time,The_transcriptome_sequencing_in_related_to_flowering_time
PRJNA540020,SRR9038795,Leaf,leaf_vegetative_LR,flowering_time,The_transcriptome_sequencing_in_related_to_flowering_time
PRJNA540020,SRR9038796,Leaf,leaf_reproductive_EV,flowering_time,The_transcriptome_sequencing_in_related_to_flowering_time
PRJNA540020,SRR9038797,Leaf,leaf_reproductive_LV,flowering_time,The_transcriptome_sequencing_in_related_to_flowering_time
PRJNA540020,SRR9038798,Leaf,leaf_vegetative_ER,flowering_time,The_transcriptome_sequencing_in_related_to_flowering_time
PRJNA540020,SRR9038799,Leaf,leaf_vegetative_LR,flowering_time,The_transcriptome_sequencing_in_related_to_flowering_time
PRJNA564836,SRR10096781,Seed,seeds_at_0_HAI,germination_process,Comparative_transcriptomic_analyses_of_Winter_OilSeed_Rape_(WOSR)_accessions_during_the_germination_process
PRJNA564836,SRR10096782,Seed,seeds_at_2_HAI,germination_process,Comparative_transcriptomic_analyses_of_Winter_OilSeed_Rape_(WOSR)_accessions_during_the_germination_process
PRJNA564836,SRR10096783,Seed,seeds_at_12_HAI,germination_process,Comparative_transcriptomic_analyses_of_Winter_OilSeed_Rape_(WOSR)_accessions_during_the_germination_process
PRJNA564836,SRR10096784,Seed,seeds_at_36_HAI,germination_process,Comparative_transcriptomic_analyses_of_Winter_OilSeed_Rape_(WOSR)_accessions_during_the_germination_process
PRJNA564836,SRR10096785,Seed,seeds_at_72_HAI,germination_process,Comparative_transcriptomic_analyses_of_Winter_OilSeed_Rape_(WOSR)_accessions_during_the_germination_process
PRJNA564836,SRR10096786,Seed,seeds_at_0_HAI,germination_process,Comparative_transcriptomic_analyses_of_Winter_OilSeed_Rape_(WOSR)_accessions_during_the_germination_process
PRJNA564836,SRR10096787,Seed,seeds_at_2_HAI,germination_process,Comparative_transcriptomic_analyses_of_Winter_OilSeed_Rape_(WOSR)_accessions_during_the_germination_process
PRJNA564836,SRR10096788,Seed,seeds_at_12_HAI,germination_process,Comparative_transcriptomic_analyses_of_Winter_OilSeed_Rape_(WOSR)_accessions_during_the_germination_process
PRJNA564836,SRR10096789,Seed,seeds_at_36_HAI,germination_process,Comparative_transcriptomic_analyses_of_Winter_OilSeed_Rape_(WOSR)_accessions_during_the_germination_process
PRJNA564836,SRR10096790,Seed,seeds_at_72_HAI,germination_process,Comparative_transcriptomic_analyses_of_Winter_OilSeed_Rape_(WOSR)_accessions_during_the_germination_process
PRJNA564836,SRR10096791,Seed,seeds_at_0_HAI,germination_process,Comparative_transcriptomic_analyses_of_Winter_OilSeed_Rape_(WOSR)_accessions_during_the_germination_process
PRJNA564836,SRR10096792,Seed,seeds_at_2_HAI,germination_process,Comparative_transcriptomic_analyses_of_Winter_OilSeed_Rape_(WOSR)_accessions_during_the_germination_process
PRJNA564836,SRR10096793,Seed,seeds_at_12_HAI,germination_process,Comparative_transcriptomic_analyses_of_Winter_OilSeed_Rape_(WOSR)_accessions_during_the_germination_process
PRJNA564836,SRR10096794,Seed,seeds_at_36_HAI,germination_process,Comparative_transcriptomic_analyses_of_Winter_OilSeed_Rape_(WOSR)_accessions_during_the_germination_process
PRJNA564836,SRR10096795,Seed,seeds_at_72_HAI,germination_process,Comparative_transcriptomic_analyses_of_Winter_OilSeed_Rape_(WOSR)_accessions_during_the_germination_process
PRJNA528167,SRR8770976,Leaf,NewHakuranS6,leaf_cultivars,RNA_seq_of_leaf_from_different_cultivar
PRJNA528167,SRR8770977,Leaf,NevinS8,leaf_cultivars,RNA_seq_of_leaf_from_different_cultivar
PRJNA528167,SRR8770978,Leaf,Major,leaf_cultivars,RNA_seq_of_leaf_from_different_cultivar
PRJNA528167,SRR8770979,Leaf,MagnificentS7,leaf_cultivars,RNA_seq_of_leaf_from_different_cultivar
PRJNA528167,SRR8770980,Leaf,KubanskijS7,leaf_cultivars,RNA_seq_of_leaf_from_different_cultivar
PRJNA528167,SRR8770981,Leaf,KavlaPodzemnaRumenaMaslena,leaf_cultivars,RNA_seq_of_leaf_from_different_cultivar
PRJNA528167,SRR8770982,Leaf,Judzae,leaf_cultivars,RNA_seq_of_leaf_from_different_cultivar
PRJNA528167,SRR8770983,Leaf,Imola,leaf_cultivars,RNA_seq_of_leaf_from_different_cultivar
PRJNA528167,SRR8770984,Leaf,HermesS7,leaf_cultivars,RNA_seq_of_leaf_from_different_cultivar
PRJNA528167,SRR8770985,Leaf,Hanna,leaf_cultivars,RNA_seq_of_leaf_from_different_cultivar
PRJNA528167,SRR8770986,Leaf,GulleS8,leaf_cultivars,RNA_seq_of_leaf_from_different_cultivar
PRJNA528167,SRR8770987,Leaf,Guelzower,leaf_cultivars,RNA_seq_of_leaf_from_different_cultivar
PRJNA528167,SRR8770988,Leaf,ClubrotResistantS7,leaf_cultivars,RNA_seq_of_leaf_from_different_cultivar
PRJNA528167,SRR8770989,Leaf,Ceska,leaf_cultivars,RNA_seq_of_leaf_from_different_cultivar
PRJNA528167,SRR8770990,Leaf,DalaTrifoliumS7,leaf_cultivars,RNA_seq_of_leaf_from_different_cultivar
PRJNA528167,SRR8770991,Leaf,ColumbusxNickel,leaf_cultivars,RNA_seq_of_leaf_from_different_cultivar
PRJNA528167,SRR8770992,Leaf,BryanxFortress,leaf_cultivars,RNA_seq_of_leaf_from_different_cultivar
PRJNA528167,SRR8770993,Leaf,AngusS7,leaf_cultivars,RNA_seq_of_leaf_from_different_cultivar
PRJNA528167,SRR8770994,Leaf,Capricorn,leaf_cultivars,RNA_seq_of_leaf_from_different_cultivar
PRJNA528167,SRR8770995,Leaf,CapitolxMohican,leaf_cultivars,RNA_seq_of_leaf_from_different_cultivar
PRJNA528167,SRR8770996,Leaf,Shen_LiJutsajS8,leaf_cultivars,RNA_seq_of_leaf_from_different_cultivar
PRJNA528167,SRR8770997,Leaf,TaiwanS7,leaf_cultivars,RNA_seq_of_leaf_from_different_cultivar
PRJNA528167,SRR8770998,Leaf,RocketPSTxLizard,leaf_cultivars,RNA_seq_of_leaf_from_different_cultivar
PRJNA528167,SRR8770999,Leaf,Shang_YouS7,leaf_cultivars,RNA_seq_of_leaf_from_different_cultivar
PRJNA528167,SRR8771000,Leaf,RanakaalrotS7,leaf_cultivars,RNA_seq_of_leaf_from_different_cultivar
PRJNA528167,SRR8771001,Leaf,RapolS7,leaf_cultivars,RNA_seq_of_leaf_from_different_cultivar
PRJNA528167,SRR8771002,Leaf,PI169083S7,leaf_cultivars,RNA_seq_of_leaf_from_different_cultivar
PRJNA528167,SRR8771003,Leaf,PrimorS7,leaf_cultivars,RNA_seq_of_leaf_from_different_cultivar
PRJNA528167,SRR8771004,Leaf,TequillaxAragon,leaf_cultivars,RNA_seq_of_leaf_from_different_cultivar
PRJNA528167,SRR8771005,Leaf,VictorS7,leaf_cultivars,RNA_seq_of_leaf_from_different_cultivar
PRJNA661261,SRR12582029,seed,30th_day_after_flower___N53_2,oil_content,Transcriptome_sequencing_of_two_parents_during_flowering
PRJNA661261,SRR12582026,seed,30th_day_after_flower___N53_2,oil_content,Transcriptome_sequencing_of_two_parents_during_flowering
PRJNA661261,SRR12582025,seed,30th_day_after_flower___N53_2,oil_content,Transcriptome_sequencing_of_two_parents_during_flowering
PRJNA661261,SRR12582030,seed,30th_day_after_flower___KenC_8,oil_content,Transcriptome_sequencing_of_two_parents_during_flowering
PRJNA661261,SRR12582028,seed,30th_day_after_flower___KenC_8,oil_content,Transcriptome_sequencing_of_two_parents_during_flowering
PRJNA661261,SRR12582027,seed,30th_day_after_flower___KenC_8,oil_content,Transcriptome_sequencing_of_two_parents_during_flowering
PRJNA700104,SRR13674371,leaves,reproductive_growth_period___ZBG032,purple_leaf,RNA_Sequencing_of_leaves_at_the_vegetative_stage_(six_leaf_stage)_and_reproductive_growth_period_(growth_and_development_period)
PRJNA700104,SRR13674369,leaves,reproductive_growth_period___ZBG032,purple_leaf,RNA_Sequencing_of_leaves_at_the_vegetative_stage_(six_leaf_stage)_and_reproductive_growth_period_(growth_and_development_period)
PRJNA700104,SRR13674367,leaves,reproductive_growth_period___ZBG032,purple_leaf,RNA_Sequencing_of_leaves_at_the_vegetative_stage_(six_leaf_stage)_and_reproductive_growth_period_(growth_and_development_period)
PRJNA700104,SRR13674366,leaves,reproductive_growth_period___ZBG030,purple_leaf,RNA_Sequencing_of_leaves_at_the_vegetative_stage_(six_leaf_stage)_and_reproductive_growth_period_(growth_and_development_period)
PRJNA700104,SRR13674360,leaves,reproductive_growth_period___ZBG030,purple_leaf,RNA_Sequencing_of_leaves_at_the_vegetative_stage_(six_leaf_stage)_and_reproductive_growth_period_(growth_and_development_period)
PRJNA700104,SRR13674359,leaves,reproductive_growth_period___ZBG030,purple_leaf,RNA_Sequencing_of_leaves_at_the_vegetative_stage_(six_leaf_stage)_and_reproductive_growth_period_(growth_and_development_period)
PRJNA700104,SRR13674357,leaves,reproductive_growth_period___ZBG007,purple_leaf,RNA_Sequencing_of_leaves_at_the_vegetative_stage_(six_leaf_stage)_and_reproductive_growth_period_(growth_and_development_period)
PRJNA700104,SRR13674355,leaves,reproductive_growth_period___ZBG007,purple_leaf,RNA_Sequencing_of_leaves_at_the_vegetative_stage_(six_leaf_stage)_and_reproductive_growth_period_(growth_and_development_period)
PRJNA700104,SRR13674350,leaves,reproductive_growth_period___ZBG007,purple_leaf,RNA_Sequencing_of_leaves_at_the_vegetative_stage_(six_leaf_stage)_and_reproductive_growth_period_(growth_and_development_period)
PRJNA700104,SRR13674347,leaves,reproductive_growth_period___ZBG006,purple_leaf,RNA_Sequencing_of_leaves_at_the_vegetative_stage_(six_leaf_stage)_and_reproductive_growth_period_(growth_and_development_period)
PRJNA700104,SRR13674345,leaves,reproductive_growth_period___ZBG006,purple_leaf,RNA_Sequencing_of_leaves_at_the_vegetative_stage_(six_leaf_stage)_and_reproductive_growth_period_(growth_and_development_period)
PRJNA700104,SRR13674343,leaves,reproductive_growth_period___ZBG006,purple_leaf,RNA_Sequencing_of_leaves_at_the_vegetative_stage_(six_leaf_stage)_and_reproductive_growth_period_(growth_and_development_period)
PRJNA700104,SRR13674341,leaves,reproductive_growth_period___ZBJ472,purple_leaf,RNA_Sequencing_of_leaves_at_the_vegetative_stage_(six_leaf_stage)_and_reproductive_growth_period_(growth_and_development_period)
PRJNA700104,SRR13674337,leaves,reproductive_growth_period___ZBJ472,purple_leaf,RNA_Sequencing_of_leaves_at_the_vegetative_stage_(six_leaf_stage)_and_reproductive_growth_period_(growth_and_development_period)
PRJNA700104,SRR13674335,leaves,reproductive_growth_period___ZBJ472,purple_leaf,RNA_Sequencing_of_leaves_at_the_vegetative_stage_(six_leaf_stage)_and_reproductive_growth_period_(growth_and_development_period)
PRJNA700104,SRR13674334,leaves,reproductive_growth_period___ZBJ470,purple_leaf,RNA_Sequencing_of_leaves_at_the_vegetative_stage_(six_leaf_stage)_and_reproductive_growth_period_(growth_and_development_period)
PRJNA700104,SRR13674333,leaves,reproductive_growth_period___ZBJ470,purple_leaf,RNA_Sequencing_of_leaves_at_the_vegetative_stage_(six_leaf_stage)_and_reproductive_growth_period_(growth_and_development_period)
PRJNA700104,SRR13674331,leaves,reproductive_growth_period___ZBJ470,purple_leaf,RNA_Sequencing_of_leaves_at_the_vegetative_stage_(six_leaf_stage)_and_reproductive_growth_period_(growth_and_development_period)
PRJNA700104,SRR13674329,leaves,reproductive_growth_period___ZBJ469,purple_leaf,RNA_Sequencing_of_leaves_at_the_vegetative_stage_(six_leaf_stage)_and_reproductive_growth_period_(growth_and_development_period)
PRJNA700104,SRR13674327,leaves,reproductive_growth_period___ZBJ469,purple_leaf,RNA_Sequencing_of_leaves_at_the_vegetative_stage_(six_leaf_stage)_and_reproductive_growth_period_(growth_and_development_period)
PRJNA700104,SRR13674325,leaves,reproductive_growth_period___ZBJ469,purple_leaf,RNA_Sequencing_of_leaves_at_the_vegetative_stage_(six_leaf_stage)_and_reproductive_growth_period_(growth_and_development_period)
PRJNA700104,SRR13674324,leaves,reproductive_growth_period___ZBJ468,purple_leaf,RNA_Sequencing_of_leaves_at_the_vegetative_stage_(six_leaf_stage)_and_reproductive_growth_period_(growth_and_development_period)
PRJNA700104,SRR13674370,leaves,reproductive_growth_period___ZBJ468,purple_leaf,RNA_Sequencing_of_leaves_at_the_vegetative_stage_(six_leaf_stage)_and_reproductive_growth_period_(growth_and_development_period)
PRJNA700104,SRR13674368,leaves,reproductive_growth_period___ZBJ468,purple_leaf,RNA_Sequencing_of_leaves_at_the_vegetative_stage_(six_leaf_stage)_and_reproductive_growth_period_(growth_and_development_period)
PRJNA700104,SRR13674365,leaves,vegetative_stage___ZBJ472,purple_leaf,RNA_Sequencing_of_leaves_at_the_vegetative_stage_(six_leaf_stage)_and_reproductive_growth_period_(growth_and_development_period)
PRJNA700104,SRR13674364,leaves,vegetative_stage___ZBJ472,purple_leaf,RNA_Sequencing_of_leaves_at_the_vegetative_stage_(six_leaf_stage)_and_reproductive_growth_period_(growth_and_development_period)
PRJNA700104,SRR13674363,leaves,vegetative_stage___ZBJ472,purple_leaf,RNA_Sequencing_of_leaves_at_the_vegetative_stage_(six_leaf_stage)_and_reproductive_growth_period_(growth_and_development_period)
PRJNA700104,SRR13674362,leaves,vegetative_stage___ZBJ469,purple_leaf,RNA_Sequencing_of_leaves_at_the_vegetative_stage_(six_leaf_stage)_and_reproductive_growth_period_(growth_and_development_period)
PRJNA700104,SRR13674361,leaves,vegetative_stage___ZBJ469,purple_leaf,RNA_Sequencing_of_leaves_at_the_vegetative_stage_(six_leaf_stage)_and_reproductive_growth_period_(growth_and_development_period)
PRJNA700104,SRR13674358,leaves,vegetative_stage___ZBJ469,purple_leaf,RNA_Sequencing_of_leaves_at_the_vegetative_stage_(six_leaf_stage)_and_reproductive_growth_period_(growth_and_development_period)
PRJNA700104,SRR13674356,leaves,vegetative_stage___ZBJ470,purple_leaf,RNA_Sequencing_of_leaves_at_the_vegetative_stage_(six_leaf_stage)_and_reproductive_growth_period_(growth_and_development_period)
PRJNA700104,SRR13674354,leaves,vegetative_stage___ZBJ470,purple_leaf,RNA_Sequencing_of_leaves_at_the_vegetative_stage_(six_leaf_stage)_and_reproductive_growth_period_(growth_and_development_period)
PRJNA700104,SRR13674353,leaves,vegetative_stage___ZBJ470,purple_leaf,RNA_Sequencing_of_leaves_at_the_vegetative_stage_(six_leaf_stage)_and_reproductive_growth_period_(growth_and_development_period)
PRJNA700104,SRR13674352,leaves,vegetative_stage___ZBJ468,purple_leaf,RNA_Sequencing_of_leaves_at_the_vegetative_stage_(six_leaf_stage)_and_reproductive_growth_period_(growth_and_development_period)
PRJNA700104,SRR13674351,leaves,vegetative_stage___ZBJ468,purple_leaf,RNA_Sequencing_of_leaves_at_the_vegetative_stage_(six_leaf_stage)_and_reproductive_growth_period_(growth_and_development_period)
PRJNA700104,SRR13674349,leaves,vegetative_stage___ZBJ468,purple_leaf,RNA_Sequencing_of_leaves_at_the_vegetative_stage_(six_leaf_stage)_and_reproductive_growth_period_(growth_and_development_period)
PRJNA700104,SRR13674348,leaves,vegetative_stage___ZBG032,purple_leaf,RNA_Sequencing_of_leaves_at_the_vegetative_stage_(six_leaf_stage)_and_reproductive_growth_period_(growth_and_development_period)
PRJNA700104,SRR13674346,leaves,vegetative_stage___ZBG032,purple_leaf,RNA_Sequencing_of_leaves_at_the_vegetative_stage_(six_leaf_stage)_and_reproductive_growth_period_(growth_and_development_period)
PRJNA700104,SRR13674344,leaves,vegetative_stage___ZBG032,purple_leaf,RNA_Sequencing_of_leaves_at_the_vegetative_stage_(six_leaf_stage)_and_reproductive_growth_period_(growth_and_development_period)
PRJNA700104,SRR13674342,leaves,vegetative_stage___ZBG030,purple_leaf,RNA_Sequencing_of_leaves_at_the_vegetative_stage_(six_leaf_stage)_and_reproductive_growth_period_(growth_and_development_period)
PRJNA700104,SRR13674340,leaves,vegetative_stage___ZBG030,purple_leaf,RNA_Sequencing_of_leaves_at_the_vegetative_stage_(six_leaf_stage)_and_reproductive_growth_period_(growth_and_development_period)
PRJNA700104,SRR13674339,leaves,vegetative_stage___ZBG030,purple_leaf,RNA_Sequencing_of_leaves_at_the_vegetative_stage_(six_leaf_stage)_and_reproductive_growth_period_(growth_and_development_period)
PRJNA700104,SRR13674338,leaves,vegetative_stage___ZBG007,purple_leaf,RNA_Sequencing_of_leaves_at_the_vegetative_stage_(six_leaf_stage)_and_reproductive_growth_period_(growth_and_development_period)
PRJNA700104,SRR13674336,leaves,vegetative_stage___ZBG007,purple_leaf,RNA_Sequencing_of_leaves_at_the_vegetative_stage_(six_leaf_stage)_and_reproductive_growth_period_(growth_and_development_period)
PRJNA700104,SRR13674332,leaves,vegetative_stage___ZBG007,purple_leaf,RNA_Sequencing_of_leaves_at_the_vegetative_stage_(six_leaf_stage)_and_reproductive_growth_period_(growth_and_development_period)
PRJNA700104,SRR13674330,leaves,vegetative_stage___ZBG006,purple_leaf,RNA_Sequencing_of_leaves_at_the_vegetative_stage_(six_leaf_stage)_and_reproductive_growth_period_(growth_and_development_period)
PRJNA700104,SRR13674328,leaves,vegetative_stage___ZBG006,purple_leaf,RNA_Sequencing_of_leaves_at_the_vegetative_stage_(six_leaf_stage)_and_reproductive_growth_period_(growth_and_development_period)
PRJNA700104,SRR13674326,leaves,vegetative_stage___ZBG006,purple_leaf,RNA_Sequencing_of_leaves_at_the_vegetative_stage_(six_leaf_stage)_and_reproductive_growth_period_(growth_and_development_period)
PRJNA602979,SRR11002517,stem,YN24_0J_stem,Harvest_index_(HI_stem_leaaf_silique_seed),mRNA_profiling_to_identify_genes_and_pathways_involved_Harvest_index_(HI)_formation_in_B.napus
PRJNA602979,SRR11002516,stem,YN24_0J_stem,Harvest_index_(HI_stem_leaaf_silique_seed),mRNA_profiling_to_identify_genes_and_pathways_involved_Harvest_index_(HI)_formation_in_B.napus
PRJNA602979,SRR11002515,stem,YN46_0J_stem,Harvest_index_(HI_stem_leaaf_silique_seed),mRNA_profiling_to_identify_genes_and_pathways_involved_Harvest_index_(HI)_formation_in_B.napus
PRJNA602979,SRR11002514,stem,YN46_0J_stem,Harvest_index_(HI_stem_leaaf_silique_seed),mRNA_profiling_to_identify_genes_and_pathways_involved_Harvest_index_(HI)_formation_in_B.napus
PRJNA602979,SRR11002513,stem,YN46_30J_stem,Harvest_index_(HI_stem_leaaf_silique_seed),mRNA_profiling_to_identify_genes_and_pathways_involved_Harvest_index_(HI)_formation_in_B.napus
PRJNA602979,SRR11002512,stem,YN46_30J_stem,Harvest_index_(HI_stem_leaaf_silique_seed),mRNA_profiling_to_identify_genes_and_pathways_involved_Harvest_index_(HI)_formation_in_B.napus
PRJNA602979,SRR11002511,silique_pericarp_on_main_inflorescence,YN46_30ZP_silique_inflorescence,Harvest_index_(HI_stem_leaaf_silique_seed),mRNA_profiling_to_identify_genes_and_pathways_involved_Harvest_index_(HI)_formation_in_B.napus
PRJNA602979,SRR11002510,silique_pericarp_on_main_inflorescence,YN46_30ZP_silique_inflorescence,Harvest_index_(HI_stem_leaaf_silique_seed),mRNA_profiling_to_identify_genes_and_pathways_involved_Harvest_index_(HI)_formation_in_B.napus
PRJNA602979,SRR11002509,seed_on_main_inflorescence,YN46_30ZS_seed_inflorescence,Harvest_index_(HI_stem_leaaf_silique_seed),mRNA_profiling_to_identify_genes_and_pathways_involved_Harvest_index_(HI)_formation_in_B.napus
PRJNA602979,SRR11002508,seed_on_main_inflorescence,YN46_30ZS_seed_inflorescence,Harvest_index_(HI_stem_leaaf_silique_seed),mRNA_profiling_to_identify_genes_and_pathways_involved_Harvest_index_(HI)_formation_in_B.napus
PRJNA602979,SRR11002507,leaf,YN46_L_leaf,Harvest_index_(HI_stem_leaaf_silique_seed),mRNA_profiling_to_identify_genes_and_pathways_involved_Harvest_index_(HI)_formation_in_B.napus
PRJNA602979,SRR11002506,leaf,YN46_L_leaf,Harvest_index_(HI_stem_leaaf_silique_seed),mRNA_profiling_to_identify_genes_and_pathways_involved_Harvest_index_(HI)_formation_in_B.napus
PRJNA602979,SRR11002505,stem,YN24_30J_stem,Harvest_index_(HI_stem_leaaf_silique_seed),mRNA_profiling_to_identify_genes_and_pathways_involved_Harvest_index_(HI)_formation_in_B.napus
PRJNA602979,SRR11002504,stem,YN52_0J_stem,Harvest_index_(HI_stem_leaaf_silique_seed),mRNA_profiling_to_identify_genes_and_pathways_involved_Harvest_index_(HI)_formation_in_B.napus
PRJNA602979,SRR11002503,stem,YN52_0J_stem,Harvest_index_(HI_stem_leaaf_silique_seed),mRNA_profiling_to_identify_genes_and_pathways_involved_Harvest_index_(HI)_formation_in_B.napus
PRJNA602979,SRR11002502,stem,YN52_30J_stem,Harvest_index_(HI_stem_leaaf_silique_seed),mRNA_profiling_to_identify_genes_and_pathways_involved_Harvest_index_(HI)_formation_in_B.napus
PRJNA602979,SRR11002501,stem,YN52_30J_stem,Harvest_index_(HI_stem_leaaf_silique_seed),mRNA_profiling_to_identify_genes_and_pathways_involved_Harvest_index_(HI)_formation_in_B.napus
PRJNA602979,SRR11002500,silique_pericarp_on_main_inflorescence,YN52_30ZP_silique_inflorescence,Harvest_index_(HI_stem_leaaf_silique_seed),mRNA_profiling_to_identify_genes_and_pathways_involved_Harvest_index_(HI)_formation_in_B.napus
PRJNA602979,SRR11002499,silique_pericarp_on_main_inflorescence,YN52_30ZP_silique_inflorescence,Harvest_index_(HI_stem_leaaf_silique_seed),mRNA_profiling_to_identify_genes_and_pathways_involved_Harvest_index_(HI)_formation_in_B.napus
PRJNA602979,SRR11002498,seed_on_main_inflorescence,YN52_30ZS_seed_inflorescence,Harvest_index_(HI_stem_leaaf_silique_seed),mRNA_profiling_to_identify_genes_and_pathways_involved_Harvest_index_(HI)_formation_in_B.napus
PRJNA602979,SRR11002497,seed_on_main_inflorescence,YN52_30ZS_seed_inflorescence,Harvest_index_(HI_stem_leaaf_silique_seed),mRNA_profiling_to_identify_genes_and_pathways_involved_Harvest_index_(HI)_formation_in_B.napus
PRJNA602979,SRR11002496,leaf,YN52_L_leaf,Harvest_index_(HI_stem_leaaf_silique_seed),mRNA_profiling_to_identify_genes_and_pathways_involved_Harvest_index_(HI)_formation_in_B.napus
PRJNA602979,SRR11002495,leaf,YN52_L_leaf,Harvest_index_(HI_stem_leaaf_silique_seed),mRNA_profiling_to_identify_genes_and_pathways_involved_Harvest_index_(HI)_formation_in_B.napus
PRJNA602979,SRR11002494,stem,YN24_30J_stem,Harvest_index_(HI_stem_leaaf_silique_seed),mRNA_profiling_to_identify_genes_and_pathways_involved_Harvest_index_(HI)_formation_in_B.napus
PRJNA602979,SRR11002493,silique_pericarp_on_main_inflorescence,YN24_30ZP_silique_inflorescence,Harvest_index_(HI_stem_leaaf_silique_seed),mRNA_profiling_to_identify_genes_and_pathways_involved_Harvest_index_(HI)_formation_in_B.napus
PRJNA602979,SRR11002492,silique_pericarp_on_main_inflorescence,YN24_30ZP_silique_inflorescence,Harvest_index_(HI_stem_leaaf_silique_seed),mRNA_profiling_to_identify_genes_and_pathways_involved_Harvest_index_(HI)_formation_in_B.napus
PRJNA602979,SRR11002491,seed_on_main_inflorescence,YN24_30ZS_seed_inflorescence,Harvest_index_(HI_stem_leaaf_silique_seed),mRNA_profiling_to_identify_genes_and_pathways_involved_Harvest_index_(HI)_formation_in_B.napus
PRJNA602979,SRR11002490,seed_on_main_inflorescence,YN24_30ZS_seed_inflorescence,Harvest_index_(HI_stem_leaaf_silique_seed),mRNA_profiling_to_identify_genes_and_pathways_involved_Harvest_index_(HI)_formation_in_B.napus
PRJNA602979,SRR11002489,leaf,YN24_L_leaf,Harvest_index_(HI_stem_leaaf_silique_seed),mRNA_profiling_to_identify_genes_and_pathways_involved_Harvest_index_(HI)_formation_in_B.napus
PRJNA602979,SRR11002488,leaf,YN24_L_leaf,Harvest_index_(HI_stem_leaaf_silique_seed),mRNA_profiling_to_identify_genes_and_pathways_involved_Harvest_index_(HI)_formation_in_B.napus
PRJNA602979,SRR11002717,stem,CQ46_30J_stem,Harvest_index_(HI_stem_leaaf_silique_seed),mRNA_profiling_to_identify_genes_and_pathways_involved_Harvest_index_(HI)_formation_in_B.napus
PRJNA602979,SRR11002716,stem,CQ46_30J_stem,Harvest_index_(HI_stem_leaaf_silique_seed),mRNA_profiling_to_identify_genes_and_pathways_involved_Harvest_index_(HI)_formation_in_B.napus
PRJNA602979,SRR11002715,silique_pericarp_on_main_inflorescence,CQ46_30ZP_silique_inflorescence,Harvest_index_(HI_stem_leaaf_silique_seed),mRNA_profiling_to_identify_genes_and_pathways_involved_Harvest_index_(HI)_formation_in_B.napus
PRJNA602979,SRR11002714,silique_pericarp_on_main_inflorescence,CQ46_30ZP_silique_inflorescence,Harvest_index_(HI_stem_leaaf_silique_seed),mRNA_profiling_to_identify_genes_and_pathways_involved_Harvest_index_(HI)_formation_in_B.napus
PRJNA602979,SRR11002713,seed_on_main_inflorescence,CQ46_30ZS_seed_inflorescence,Harvest_index_(HI_stem_leaaf_silique_seed),mRNA_profiling_to_identify_genes_and_pathways_involved_Harvest_index_(HI)_formation_in_B.napus
PRJNA602979,SRR11002712,seed_on_main_inflorescence,CQ46_30ZS_seed_inflorescence,Harvest_index_(HI_stem_leaaf_silique_seed),mRNA_profiling_to_identify_genes_and_pathways_involved_Harvest_index_(HI)_formation_in_B.napus
PRJNA602979,SRR11002711,leaf,CQ46_L_leaf,Harvest_index_(HI_stem_leaaf_silique_seed),mRNA_profiling_to_identify_genes_and_pathways_involved_Harvest_index_(HI)_formation_in_B.napus
PRJNA602979,SRR11002710,leaf,CQ46_L_leaf,Harvest_index_(HI_stem_leaaf_silique_seed),mRNA_profiling_to_identify_genes_and_pathways_involved_Harvest_index_(HI)_formation_in_B.napus
PRJNA602979,SRR11002709,stem,CQ24_30J_stem,Harvest_index_(HI_stem_leaaf_silique_seed),mRNA_profiling_to_identify_genes_and_pathways_involved_Harvest_index_(HI)_formation_in_B.napus
PRJNA602979,SRR11002708,stem,CQ52_0J_stem,Harvest_index_(HI_stem_leaaf_silique_seed),mRNA_profiling_to_identify_genes_and_pathways_involved_Harvest_index_(HI)_formation_in_B.napus
PRJNA602979,SRR11002707,stem,CQ52_0J_stem,Harvest_index_(HI_stem_leaaf_silique_seed),mRNA_profiling_to_identify_genes_and_pathways_involved_Harvest_index_(HI)_formation_in_B.napus
PRJNA602979,SRR11002706,stem,CQ52_30J_stem,Harvest_index_(HI_stem_leaaf_silique_seed),mRNA_profiling_to_identify_genes_and_pathways_involved_Harvest_index_(HI)_formation_in_B.napus
PRJNA602979,SRR11002705,stem,CQ52_30J_stem,Harvest_index_(HI_stem_leaaf_silique_seed),mRNA_profiling_to_identify_genes_and_pathways_involved_Harvest_index_(HI)_formation_in_B.napus
PRJNA602979,SRR11002704,silique_pericarp_on_main_inflorescence,CQ52_30ZP_silique_inflorescence,Harvest_index_(HI_stem_leaaf_silique_seed),mRNA_profiling_to_identify_genes_and_pathways_involved_Harvest_index_(HI)_formation_in_B.napus
PRJNA602979,SRR11002703,silique_pericarp_on_main_inflorescence,CQ52_30ZP_silique_inflorescence,Harvest_index_(HI_stem_leaaf_silique_seed),mRNA_profiling_to_identify_genes_and_pathways_involved_Harvest_index_(HI)_formation_in_B.napus
PRJNA602979,SRR11002702,seed_on_main_inflorescence,CQ52_30ZS_seed_inflorescence,Harvest_index_(HI_stem_leaaf_silique_seed),mRNA_profiling_to_identify_genes_and_pathways_involved_Harvest_index_(HI)_formation_in_B.napus
PRJNA602979,SRR11002701,seed_on_main_inflorescence,CQ52_30ZS_seed_inflorescence,Harvest_index_(HI_stem_leaaf_silique_seed),mRNA_profiling_to_identify_genes_and_pathways_involved_Harvest_index_(HI)_formation_in_B.napus
PRJNA602979,SRR11002700,leaf,CQ52_L_leaf,Harvest_index_(HI_stem_leaaf_silique_seed),mRNA_profiling_to_identify_genes_and_pathways_involved_Harvest_index_(HI)_formation_in_B.napus
PRJNA602979,SRR11002699,leaf,CQ52_L_leaf,Harvest_index_(HI_stem_leaaf_silique_seed),mRNA_profiling_to_identify_genes_and_pathways_involved_Harvest_index_(HI)_formation_in_B.napus
PRJNA602979,SRR11002698,stem,CQ24_30J_stem,Harvest_index_(HI_stem_leaaf_silique_seed),mRNA_profiling_to_identify_genes_and_pathways_involved_Harvest_index_(HI)_formation_in_B.napus
PRJNA602979,SRR11002697,silique_pericarp_on_branch,YN24_30CP_silique_branch,Harvest_index_(HI_stem_leaaf_silique_seed),mRNA_profiling_to_identify_genes_and_pathways_involved_Harvest_index_(HI)_formation_in_B.napus
PRJNA602979,SRR11002696,silique_pericarp_on_branch,YN24_30CP_silique_branch,Harvest_index_(HI_stem_leaaf_silique_seed),mRNA_profiling_to_identify_genes_and_pathways_involved_Harvest_index_(HI)_formation_in_B.napus
PRJNA602979,SRR11002695,seed_on_branch,YN24_30CS_seed_on_branch,Harvest_index_(HI_stem_leaaf_silique_seed),mRNA_profiling_to_identify_genes_and_pathways_involved_Harvest_index_(HI)_formation_in_B.napus
PRJNA602979,SRR11002694,seed_on_branch,YN24_30CS_seed_on_branch,Harvest_index_(HI_stem_leaaf_silique_seed),mRNA_profiling_to_identify_genes_and_pathways_involved_Harvest_index_(HI)_formation_in_B.napus
PRJNA602979,SRR11002693,stem,YN45_0J_stem,Harvest_index_(HI_stem_leaaf_silique_seed),mRNA_profiling_to_identify_genes_and_pathways_involved_Harvest_index_(HI)_formation_in_B.napus
PRJNA602979,SRR11002692,stem,YN45_0J_stem,Harvest_index_(HI_stem_leaaf_silique_seed),mRNA_profiling_to_identify_genes_and_pathways_involved_Harvest_index_(HI)_formation_in_B.napus
PRJNA602979,SRR11002691,silique_pericarp_on_branch,YN45_30CP_silique_branch,Harvest_index_(HI_stem_leaaf_silique_seed),mRNA_profiling_to_identify_genes_and_pathways_involved_Harvest_index_(HI)_formation_in_B.napus
PRJNA602979,SRR11002690,silique_pericarp_on_branch,YN45_30CP_silique_branch,Harvest_index_(HI_stem_leaaf_silique_seed),mRNA_profiling_to_identify_genes_and_pathways_involved_Harvest_index_(HI)_formation_in_B.napus
PRJNA602979,SRR11002689,seed_on_branch,YN45_30CS_seed_on_branch,Harvest_index_(HI_stem_leaaf_silique_seed),mRNA_profiling_to_identify_genes_and_pathways_involved_Harvest_index_(HI)_formation_in_B.napus
PRJNA602979,SRR11002688,seed_on_branch,YN45_30CS_seed_on_branch,Harvest_index_(HI_stem_leaaf_silique_seed),mRNA_profiling_to_identify_genes_and_pathways_involved_Harvest_index_(HI)_formation_in_B.napus
PRJNA602979,SRR11002687,silique_pericarp_on_main_inflorescence,CQ24_30ZP_silique_inflorescence,Harvest_index_(HI_stem_leaaf_silique_seed),mRNA_profiling_to_identify_genes_and_pathways_involved_Harvest_index_(HI)_formation_in_B.napus
PRJNA602979,SRR11002686,silique_pericarp_on_main_inflorescence,YN45_30ZP_silique_inflorescence,Harvest_index_(HI_stem_leaaf_silique_seed),mRNA_profiling_to_identify_genes_and_pathways_involved_Harvest_index_(HI)_formation_in_B.napus
PRJNA602979,SRR11002685,silique_pericarp_on_main_inflorescence,YN45_30ZP_silique_inflorescence,Harvest_index_(HI_stem_leaaf_silique_seed),mRNA_profiling_to_identify_genes_and_pathways_involved_Harvest_index_(HI)_formation_in_B.napus
PRJNA602979,SRR11002684,seed_on_main_inflorescence,YN45_30ZS_seed_inflorescence,Harvest_index_(HI_stem_leaaf_silique_seed),mRNA_profiling_to_identify_genes_and_pathways_involved_Harvest_index_(HI)_formation_in_B.napus
PRJNA602979,SRR11002683,seed_on_main_inflorescence,YN45_30ZS_seed_inflorescence,Harvest_index_(HI_stem_leaaf_silique_seed),mRNA_profiling_to_identify_genes_and_pathways_involved_Harvest_index_(HI)_formation_in_B.napus
PRJNA602979,SRR11002682,leaf,YN45_L_leaf,Harvest_index_(HI_stem_leaaf_silique_seed),mRNA_profiling_to_identify_genes_and_pathways_involved_Harvest_index_(HI)_formation_in_B.napus
PRJNA602979,SRR11002681,leaf,YN45_L_leaf,Harvest_index_(HI_stem_leaaf_silique_seed),mRNA_profiling_to_identify_genes_and_pathways_involved_Harvest_index_(HI)_formation_in_B.napus
PRJNA602979,SRR11002680,silique_pericarp_on_branch,YN46_30CP_silique_branch,Harvest_index_(HI_stem_leaaf_silique_seed),mRNA_profiling_to_identify_genes_and_pathways_involved_Harvest_index_(HI)_formation_in_B.napus
PRJNA602979,SRR11002679,silique_pericarp_on_branch,YN46_30CP_silique_branch,Harvest_index_(HI_stem_leaaf_silique_seed),mRNA_profiling_to_identify_genes_and_pathways_involved_Harvest_index_(HI)_formation_in_B.napus
PRJNA602979,SRR11002678,seed_on_branch,YN46_30CS_seed_on_branch,Harvest_index_(HI_stem_leaaf_silique_seed),mRNA_profiling_to_identify_genes_and_pathways_involved_Harvest_index_(HI)_formation_in_B.napus
PRJNA602979,SRR11002677,seed_on_branch,YN46_30CS_seed_on_branch,Harvest_index_(HI_stem_leaaf_silique_seed),mRNA_profiling_to_identify_genes_and_pathways_involved_Harvest_index_(HI)_formation_in_B.napus
PRJNA602979,SRR11002676,silique_pericarp_on_main_inflorescence,CQ24_30ZP_silique_inflorescence,Harvest_index_(HI_stem_leaaf_silique_seed),mRNA_profiling_to_identify_genes_and_pathways_involved_Harvest_index_(HI)_formation_in_B.napus
PRJNA602979,SRR11002675,silique_pericarp_on_branch,YN52_30CP_silique_branch,Harvest_index_(HI_stem_leaaf_silique_seed),mRNA_profiling_to_identify_genes_and_pathways_involved_Harvest_index_(HI)_formation_in_B.napus
PRJNA602979,SRR11002674,silique_pericarp_on_branch,YN52_30CP_silique_branch,Harvest_index_(HI_stem_leaaf_silique_seed),mRNA_profiling_to_identify_genes_and_pathways_involved_Harvest_index_(HI)_formation_in_B.napus
PRJNA602979,SRR11002673,seed_on_branch,YN52_30CS_seed_on_branch,Harvest_index_(HI_stem_leaaf_silique_seed),mRNA_profiling_to_identify_genes_and_pathways_involved_Harvest_index_(HI)_formation_in_B.napus
PRJNA602979,SRR11002672,seed_on_branch,YN52_30CS_seed_on_branch,Harvest_index_(HI_stem_leaaf_silique_seed),mRNA_profiling_to_identify_genes_and_pathways_involved_Harvest_index_(HI)_formation_in_B.napus
PRJNA602979,SRR11002671,seed_on_main_inflorescence,CQ24_30ZS_seed_inflorescence,Harvest_index_(HI_stem_leaaf_silique_seed),mRNA_profiling_to_identify_genes_and_pathways_involved_Harvest_index_(HI)_formation_in_B.napus
PRJNA602979,SRR11002670,seed_on_main_inflorescence,CQ24_30ZS_seed_inflorescence,Harvest_index_(HI_stem_leaaf_silique_seed),mRNA_profiling_to_identify_genes_and_pathways_involved_Harvest_index_(HI)_formation_in_B.napus
PRJNA602979,SRR11002669,leaf,CQ24_L_leaf,Harvest_index_(HI_stem_leaaf_silique_seed),mRNA_profiling_to_identify_genes_and_pathways_involved_Harvest_index_(HI)_formation_in_B.napus
PRJNA602979,SRR11002668,leaf,CQ24_L_leaf,Harvest_index_(HI_stem_leaaf_silique_seed),mRNA_profiling_to_identify_genes_and_pathways_involved_Harvest_index_(HI)_formation_in_B.napus
PRJNA602979,SRR11002667,stem,CQ24_0J_stem,Harvest_index_(HI_stem_leaaf_silique_seed),mRNA_profiling_to_identify_genes_and_pathways_involved_Harvest_index_(HI)_formation_in_B.napus
PRJNA602979,SRR11002666,stem,CQ24_0J_stem,Harvest_index_(HI_stem_leaaf_silique_seed),mRNA_profiling_to_identify_genes_and_pathways_involved_Harvest_index_(HI)_formation_in_B.napus
PRJNA602979,SRR11002665,stem,CQ46_0J_stem,Harvest_index_(HI_stem_leaaf_silique_seed),mRNA_profiling_to_identify_genes_and_pathways_involved_Harvest_index_(HI)_formation_in_B.napus
PRJNA602979,SRR11002664,stem,CQ46_0J_stem,Harvest_index_(HI_stem_leaaf_silique_seed),mRNA_profiling_to_identify_genes_and_pathways_involved_Harvest_index_(HI)_formation_in_B.napus
PRJNA602979,SRR11013375,silique_pericarp,CQ244P_silique_pericarp,Harvest_index_(HI_stem_leaaf_silique_seed),mRNA_profiling_to_identify_genes_and_pathways_involved_Harvest_index_(HI)_formation_in_B.napus
PRJNA602979,SRR11013374,silique_pericarp,CQ244P_silique_pericarp,Harvest_index_(HI_stem_leaaf_silique_seed),mRNA_profiling_to_identify_genes_and_pathways_involved_Harvest_index_(HI)_formation_in_B.napus
PRJNA602979,SRR11013373,seed_on_branch,CQ24_30CS_seed_on_branch,Harvest_index_(HI_stem_leaaf_silique_seed),mRNA_profiling_to_identify_genes_and_pathways_involved_Harvest_index_(HI)_formation_in_B.napus
PRJNA602979,SRR11013372,seed_on_branch,CQ24_30CS_seed_on_branch,Harvest_index_(HI_stem_leaaf_silique_seed),mRNA_profiling_to_identify_genes_and_pathways_involved_Harvest_index_(HI)_formation_in_B.napus
PRJNA602979,SRR11013371,silique_pericarp,CQ24_40P_silique_pericarp,Harvest_index_(HI_stem_leaaf_silique_seed),mRNA_profiling_to_identify_genes_and_pathways_involved_Harvest_index_(HI)_formation_in_B.napus
PRJNA602979,SRR11013370,silique_pericarp,CQ24_40P_silique_pericarp,Harvest_index_(HI_stem_leaaf_silique_seed),mRNA_profiling_to_identify_genes_and_pathways_involved_Harvest_index_(HI)_formation_in_B.napus
PRJNA602979,SRR11013369,seed,CQ24_40S_seed,Harvest_index_(HI_stem_leaaf_silique_seed),mRNA_profiling_to_identify_genes_and_pathways_involved_Harvest_index_(HI)_formation_in_B.napus
PRJNA602979,SRR11013368,seed,CQ24_40S_seed,Harvest_index_(HI_stem_leaaf_silique_seed),mRNA_profiling_to_identify_genes_and_pathways_involved_Harvest_index_(HI)_formation_in_B.napus
PRJNA602979,SRR11013367,silique_pericarp,CQ24_7P_silique_pericarp,Harvest_index_(HI_stem_leaaf_silique_seed),mRNA_profiling_to_identify_genes_and_pathways_involved_Harvest_index_(HI)_formation_in_B.napus
PRJNA602979,SRR11013366,silique_pericarp,CQ24_7P_silique_pericarp,Harvest_index_(HI_stem_leaaf_silique_seed),mRNA_profiling_to_identify_genes_and_pathways_involved_Harvest_index_(HI)_formation_in_B.napus
PRJNA602979,SRR11013365,seed,CQ24_7S_seed,Harvest_index_(HI_stem_leaaf_silique_seed),mRNA_profiling_to_identify_genes_and_pathways_involved_Harvest_index_(HI)_formation_in_B.napus
PRJNA602979,SRR11013364,seed,CQ24_7S_seed,Harvest_index_(HI_stem_leaaf_silique_seed),mRNA_profiling_to_identify_genes_and_pathways_involved_Harvest_index_(HI)_formation_in_B.napus
PRJNA602979,SRR11013363,seed,CQ244S_seed,Harvest_index_(HI_stem_leaaf_silique_seed),mRNA_profiling_to_identify_genes_and_pathways_involved_Harvest_index_(HI)_formation_in_B.napus
PRJNA602979,SRR11013362,stem,CQ45_0J_stem,Harvest_index_(HI_stem_leaaf_silique_seed),mRNA_profiling_to_identify_genes_and_pathways_involved_Harvest_index_(HI)_formation_in_B.napus
PRJNA602979,SRR11013361,stem,CQ45_0J_stem,Harvest_index_(HI_stem_leaaf_silique_seed),mRNA_profiling_to_identify_genes_and_pathways_involved_Harvest_index_(HI)_formation_in_B.napus
PRJNA602979,SRR11013360,silique_pericarp_on_branch,CQ45_30CP_silique_branch,Harvest_index_(HI_stem_leaaf_silique_seed),mRNA_profiling_to_identify_genes_and_pathways_involved_Harvest_index_(HI)_formation_in_B.napus
PRJNA602979,SRR11013359,silique_pericarp_on_branch,CQ45_30CP_silique_branch,Harvest_index_(HI_stem_leaaf_silique_seed),mRNA_profiling_to_identify_genes_and_pathways_involved_Harvest_index_(HI)_formation_in_B.napus
PRJNA602979,SRR11013358,seed_on_branch,CQ45_30CS_seed_on_branch,Harvest_index_(HI_stem_leaaf_silique_seed),mRNA_profiling_to_identify_genes_and_pathways_involved_Harvest_index_(HI)_formation_in_B.napus
PRJNA602979,SRR11013357,seed_on_branch,CQ45_30CS_seed_on_branch,Harvest_index_(HI_stem_leaaf_silique_seed),mRNA_profiling_to_identify_genes_and_pathways_involved_Harvest_index_(HI)_formation_in_B.napus
PRJNA602979,SRR11013356,silique_pericarp_on_main_inflorescence,CQ45_30ZP_silique_inflorescence,Harvest_index_(HI_stem_leaaf_silique_seed),mRNA_profiling_to_identify_genes_and_pathways_involved_Harvest_index_(HI)_formation_in_B.napus
PRJNA602979,SRR11013355,silique_pericarp_on_main_inflorescence,CQ45_30ZP_silique_inflorescence,Harvest_index_(HI_stem_leaaf_silique_seed),mRNA_profiling_to_identify_genes_and_pathways_involved_Harvest_index_(HI)_formation_in_B.napus
PRJNA602979,SRR11013354,seed_on_main_inflorescence,CQ45_30ZS_seed_inflorescence,Harvest_index_(HI_stem_leaaf_silique_seed),mRNA_profiling_to_identify_genes_and_pathways_involved_Harvest_index_(HI)_formation_in_B.napus
PRJNA602979,SRR11013353,seed_on_main_inflorescence,CQ45_30ZS_seed_inflorescence,Harvest_index_(HI_stem_leaaf_silique_seed),mRNA_profiling_to_identify_genes_and_pathways_involved_Harvest_index_(HI)_formation_in_B.napus
PRJNA602979,SRR11013352,seed,CQ244S_seed,Harvest_index_(HI_stem_leaaf_silique_seed),mRNA_profiling_to_identify_genes_and_pathways_involved_Harvest_index_(HI)_formation_in_B.napus
PRJNA602979,SRR11013351,leaf,CQ45_L_leaf,Harvest_index_(HI_stem_leaaf_silique_seed),mRNA_profiling_to_identify_genes_and_pathways_involved_Harvest_index_(HI)_formation_in_B.napus
PRJNA602979,SRR11013350,leaf,CQ45_L_leaf,Harvest_index_(HI_stem_leaaf_silique_seed),mRNA_profiling_to_identify_genes_and_pathways_involved_Harvest_index_(HI)_formation_in_B.napus
PRJNA602979,SRR11013349,silique_pericarp,CQ464P_silique_pericarp,Harvest_index_(HI_stem_leaaf_silique_seed),mRNA_profiling_to_identify_genes_and_pathways_involved_Harvest_index_(HI)_formation_in_B.napus
PRJNA602979,SRR11013348,silique_pericarp,CQ464P_silique_pericarp,Harvest_index_(HI_stem_leaaf_silique_seed),mRNA_profiling_to_identify_genes_and_pathways_involved_Harvest_index_(HI)_formation_in_B.napus
PRJNA602979,SRR11013347,seed,CQ464S_seed,Harvest_index_(HI_stem_leaaf_silique_seed),mRNA_profiling_to_identify_genes_and_pathways_involved_Harvest_index_(HI)_formation_in_B.napus
PRJNA602979,SRR11013346,seed,CQ464S_seed,Harvest_index_(HI_stem_leaaf_silique_seed),mRNA_profiling_to_identify_genes_and_pathways_involved_Harvest_index_(HI)_formation_in_B.napus
PRJNA602979,SRR11013345,silique_pericarp,CQ461P_silique_pericarp,Harvest_index_(HI_stem_leaaf_silique_seed),mRNA_profiling_to_identify_genes_and_pathways_involved_Harvest_index_(HI)_formation_in_B.napus
PRJNA602979,SRR11013344,silique_pericarp,CQ461P_silique_pericarp,Harvest_index_(HI_stem_leaaf_silique_seed),mRNA_profiling_to_identify_genes_and_pathways_involved_Harvest_index_(HI)_formation_in_B.napus
PRJNA602979,SRR11013343,seed,CQ461S_seed,Harvest_index_(HI_stem_leaaf_silique_seed),mRNA_profiling_to_identify_genes_and_pathways_involved_Harvest_index_(HI)_formation_in_B.napus
PRJNA602979,SRR11013342,seed,CQ461S_seed,Harvest_index_(HI_stem_leaaf_silique_seed),mRNA_profiling_to_identify_genes_and_pathways_involved_Harvest_index_(HI)_formation_in_B.napus
PRJNA602979,SRR11013341,silique_pericarp,CQ241P_silique_pericarp,Harvest_index_(HI_stem_leaaf_silique_seed),mRNA_profiling_to_identify_genes_and_pathways_involved_Harvest_index_(HI)_formation_in_B.napus
PRJNA602979,SRR11013340,silique_pericarp_on_branch,CQ46_30CP_silique_branch,Harvest_index_(HI_stem_leaaf_silique_seed),mRNA_profiling_to_identify_genes_and_pathways_involved_Harvest_index_(HI)_formation_in_B.napus
PRJNA602979,SRR11013339,silique_pericarp_on_branch,CQ46_30CP_silique_branch,Harvest_index_(HI_stem_leaaf_silique_seed),mRNA_profiling_to_identify_genes_and_pathways_involved_Harvest_index_(HI)_formation_in_B.napus
PRJNA602979,SRR11013338,seed_on_branch,CQ46_30CS_seed_on_branch,Harvest_index_(HI_stem_leaaf_silique_seed),mRNA_profiling_to_identify_genes_and_pathways_involved_Harvest_index_(HI)_formation_in_B.napus
PRJNA602979,SRR11013337,seed_on_branch,CQ46_30CS_seed_on_branch,Harvest_index_(HI_stem_leaaf_silique_seed),mRNA_profiling_to_identify_genes_and_pathways_involved_Harvest_index_(HI)_formation_in_B.napus
PRJNA602979,SRR11013336,silique_pericarp,CQ46_40P_silique_pericarp,Harvest_index_(HI_stem_leaaf_silique_seed),mRNA_profiling_to_identify_genes_and_pathways_involved_Harvest_index_(HI)_formation_in_B.napus
PRJNA602979,SRR11013335,silique_pericarp,CQ46_40P_silique_pericarp,Harvest_index_(HI_stem_leaaf_silique_seed),mRNA_profiling_to_identify_genes_and_pathways_involved_Harvest_index_(HI)_formation_in_B.napus
PRJNA602979,SRR11013334,seed,CQ46_40S_seed,Harvest_index_(HI_stem_leaaf_silique_seed),mRNA_profiling_to_identify_genes_and_pathways_involved_Harvest_index_(HI)_formation_in_B.napus
PRJNA602979,SRR11013333,seed,CQ46_40S_seed,Harvest_index_(HI_stem_leaaf_silique_seed),mRNA_profiling_to_identify_genes_and_pathways_involved_Harvest_index_(HI)_formation_in_B.napus
PRJNA602979,SRR11013332,silique_pericarp,CQ46_7P_silique_pericarp,Harvest_index_(HI_stem_leaaf_silique_seed),mRNA_profiling_to_identify_genes_and_pathways_involved_Harvest_index_(HI)_formation_in_B.napus
PRJNA602979,SRR11013331,silique_pericarp,CQ46_7P_silique_pericarp,Harvest_index_(HI_stem_leaaf_silique_seed),mRNA_profiling_to_identify_genes_and_pathways_involved_Harvest_index_(HI)_formation_in_B.napus
PRJNA602979,SRR11013330,silique_pericarp,CQ241P_silique_pericarp,Harvest_index_(HI_stem_leaaf_silique_seed),mRNA_profiling_to_identify_genes_and_pathways_involved_Harvest_index_(HI)_formation_in_B.napus
PRJNA602979,SRR11013329,seed,CQ46_7S_seed,Harvest_index_(HI_stem_leaaf_silique_seed),mRNA_profiling_to_identify_genes_and_pathways_involved_Harvest_index_(HI)_formation_in_B.napus
PRJNA602979,SRR11013328,seed,CQ46_7S_seed,Harvest_index_(HI_stem_leaaf_silique_seed),mRNA_profiling_to_identify_genes_and_pathways_involved_Harvest_index_(HI)_formation_in_B.napus
PRJNA602979,SRR11013327,silique_pericarp_on_branch,CQ52_30CP_silique_branch,Harvest_index_(HI_stem_leaaf_silique_seed),mRNA_profiling_to_identify_genes_and_pathways_involved_Harvest_index_(HI)_formation_in_B.napus
PRJNA602979,SRR11013326,silique_pericarp_on_branch,CQ52_30CP_silique_branch,Harvest_index_(HI_stem_leaaf_silique_seed),mRNA_profiling_to_identify_genes_and_pathways_involved_Harvest_index_(HI)_formation_in_B.napus
PRJNA602979,SRR11013325,seed_on_branch,CQ52_30CS_seed_on_branch,Harvest_index_(HI_stem_leaaf_silique_seed),mRNA_profiling_to_identify_genes_and_pathways_involved_Harvest_index_(HI)_formation_in_B.napus
PRJNA602979,SRR11013324,seed_on_branch,CQ52_30CS_seed_on_branch,Harvest_index_(HI_stem_leaaf_silique_seed),mRNA_profiling_to_identify_genes_and_pathways_involved_Harvest_index_(HI)_formation_in_B.napus
PRJNA602979,SRR11013323,seed,CQ241S_seed,Harvest_index_(HI_stem_leaaf_silique_seed),mRNA_profiling_to_identify_genes_and_pathways_involved_Harvest_index_(HI)_formation_in_B.napus
PRJNA602979,SRR11013322,seed,CQ241S_seed,Harvest_index_(HI_stem_leaaf_silique_seed),mRNA_profiling_to_identify_genes_and_pathways_involved_Harvest_index_(HI)_formation_in_B.napus
PRJNA602979,SRR11013321,silique_pericarp_on_branch,CQ24_30CP_silique_branch,Harvest_index_(HI_stem_leaaf_silique_seed),mRNA_profiling_to_identify_genes_and_pathways_involved_Harvest_index_(HI)_formation_in_B.napus
PRJNA602979,SRR11013320,silique_pericarp_on_branch,CQ24_30CP_silique_branch,Harvest_index_(HI_stem_leaaf_silique_seed),mRNA_profiling_to_identify_genes_and_pathways_involved_Harvest_index_(HI)_formation_in_B.napus
PRJNA563565,SRR10058961,seed_coat,WT_35DAF,seed_color_and_development,The_Brassica_napus_seed_RNA_seq_data_for_different_seed_color_(yellow:aacc_and_black:WT)_and_different_seed_development_period_(14DAF_and_35DAF).
PRJNA563565,SRR10058962,seed_coat,WT_35DAF,seed_color_and_development,The_Brassica_napus_seed_RNA_seq_data_for_different_seed_color_(yellow:aacc_and_black:WT)_and_different_seed_development_period_(14DAF_and_35DAF).
PRJNA563565,SRR10058953,seed_coat,WT_35DAF,seed_color_and_development,The_Brassica_napus_seed_RNA_seq_data_for_different_seed_color_(yellow:aacc_and_black:WT)_and_different_seed_development_period_(14DAF_and_35DAF).
PRJNA563565,SRR10058954,seed_coat,WT_14DAF,seed_color_and_development,The_Brassica_napus_seed_RNA_seq_data_for_different_seed_color_(yellow:aacc_and_black:WT)_and_different_seed_development_period_(14DAF_and_35DAF).
PRJNA563565,SRR10058955,seed_coat,WT_14DAF,seed_color_and_development,The_Brassica_napus_seed_RNA_seq_data_for_different_seed_color_(yellow:aacc_and_black:WT)_and_different_seed_development_period_(14DAF_and_35DAF).
PRJNA563565,SRR10058956,seed_coat,WT_14DAF,seed_color_and_development,The_Brassica_napus_seed_RNA_seq_data_for_different_seed_color_(yellow:aacc_and_black:WT)_and_different_seed_development_period_(14DAF_and_35DAF).
PRJNA563565,SRR10058957,seed_coat,aacc_35DAF,seed_color_and_development,The_Brassica_napus_seed_RNA_seq_data_for_different_seed_color_(yellow:aacc_and_black:WT)_and_different_seed_development_period_(14DAF_and_35DAF).
PRJNA563565,SRR10058958,seed_coat,aacc_35DAF,seed_color_and_development,The_Brassica_napus_seed_RNA_seq_data_for_different_seed_color_(yellow:aacc_and_black:WT)_and_different_seed_development_period_(14DAF_and_35DAF).
PRJNA563565,SRR10058959,seed_coat,aacc_35DAF,seed_color_and_development,The_Brassica_napus_seed_RNA_seq_data_for_different_seed_color_(yellow:aacc_and_black:WT)_and_different_seed_development_period_(14DAF_and_35DAF).
PRJNA563565,SRR10058960,seed_coat,aacc_14DAF,seed_color_and_development,The_Brassica_napus_seed_RNA_seq_data_for_different_seed_color_(yellow:aacc_and_black:WT)_and_different_seed_development_period_(14DAF_and_35DAF).
PRJNA563565,SRR10058963,seed_coat,aacc_14DAF,seed_color_and_development,The_Brassica_napus_seed_RNA_seq_data_for_different_seed_color_(yellow:aacc_and_black:WT)_and_different_seed_development_period_(14DAF_and_35DAF).
PRJNA563565,SRR10058964,seed_coat,aacc_14DAF,seed_color_and_development,The_Brassica_napus_seed_RNA_seq_data_for_different_seed_color_(yellow:aacc_and_black:WT)_and_different_seed_development_period_(14DAF_and_35DAF).
PRJNA599502,SRR10848755,Bud,APSP_Bud,different_colour_of_bud_and_petal,RNA_seq_data_for_two_different_colour_Brassica_napus_bud_and_petal_(within_orange_and_yellow)._CPSP:_C_Genetically_modified_material_(yellow_petal),_APSP:_A_Genetically_modified_material_(yellow_petal),_and_O271:_Transgenic_receptor_(orange_petal)
PRJNA599502,SRR10848754,Bud,APSP_Bud,different_colour_of_bud_and_petal,RNA_seq_data_for_two_different_colour_Brassica_napus_bud_and_petal_(within_orange_and_yellow)._CPSP:_C_Genetically_modified_material_(yellow_petal),_APSP:_A_Genetically_modified_material_(yellow_petal),_and_O271:_Transgenic_receptor_(orange_petal)
PRJNA599502,SRR10848753,Petal,APSP_Petal1,different_colour_of_bud_and_petal,RNA_seq_data_for_two_different_colour_Brassica_napus_bud_and_petal_(within_orange_and_yellow)._CPSP:_C_Genetically_modified_material_(yellow_petal),_APSP:_A_Genetically_modified_material_(yellow_petal),_and_O271:_Transgenic_receptor_(orange_petal)
PRJNA599502,SRR10848752,Petal,APSP_Petal1,different_colour_of_bud_and_petal,RNA_seq_data_for_two_different_colour_Brassica_napus_bud_and_petal_(within_orange_and_yellow)._CPSP:_C_Genetically_modified_material_(yellow_petal),_APSP:_A_Genetically_modified_material_(yellow_petal),_and_O271:_Transgenic_receptor_(orange_petal)
PRJNA599502,SRR10848751,Petal,CPSP_Petal1,different_colour_of_bud_and_petal,RNA_seq_data_for_two_different_colour_Brassica_napus_bud_and_petal_(within_orange_and_yellow)._CPSP:_C_Genetically_modified_material_(yellow_petal),_APSP:_A_Genetically_modified_material_(yellow_petal),_and_O271:_Transgenic_receptor_(orange_petal)
PRJNA599502,SRR10848750,Petal,CPSP_Petal1,different_colour_of_bud_and_petal,RNA_seq_data_for_two_different_colour_Brassica_napus_bud_and_petal_(within_orange_and_yellow)._CPSP:_C_Genetically_modified_material_(yellow_petal),_APSP:_A_Genetically_modified_material_(yellow_petal),_and_O271:_Transgenic_receptor_(orange_petal)
PRJNA599502,SRR10848749,Petal,CPSP_Petal1,different_colour_of_bud_and_petal,RNA_seq_data_for_two_different_colour_Brassica_napus_bud_and_petal_(within_orange_and_yellow)._CPSP:_C_Genetically_modified_material_(yellow_petal),_APSP:_A_Genetically_modified_material_(yellow_petal),_and_O271:_Transgenic_receptor_(orange_petal)
PRJNA599502,SRR10848748,Petal,O271_Petal1,different_colour_of_bud_and_petal,RNA_seq_data_for_two_different_colour_Brassica_napus_bud_and_petal_(within_orange_and_yellow)._CPSP:_C_Genetically_modified_material_(yellow_petal),_APSP:_A_Genetically_modified_material_(yellow_petal),_and_O271:_Transgenic_receptor_(orange_petal)
PRJNA599502,SRR10848747,Petal,O271_Petal1,different_colour_of_bud_and_petal,RNA_seq_data_for_two_different_colour_Brassica_napus_bud_and_petal_(within_orange_and_yellow)._CPSP:_C_Genetically_modified_material_(yellow_petal),_APSP:_A_Genetically_modified_material_(yellow_petal),_and_O271:_Transgenic_receptor_(orange_petal)
PRJNA599502,SRR10848746,Petal,O271_Petal1,different_colour_of_bud_and_petal,RNA_seq_data_for_two_different_colour_Brassica_napus_bud_and_petal_(within_orange_and_yellow)._CPSP:_C_Genetically_modified_material_(yellow_petal),_APSP:_A_Genetically_modified_material_(yellow_petal),_and_O271:_Transgenic_receptor_(orange_petal)
PRJNA599502,SRR10848745,Petal,APSP_Petal2,different_colour_of_bud_and_petal,RNA_seq_data_for_two_different_colour_Brassica_napus_bud_and_petal_(within_orange_and_yellow)._CPSP:_C_Genetically_modified_material_(yellow_petal),_APSP:_A_Genetically_modified_material_(yellow_petal),_and_O271:_Transgenic_receptor_(orange_petal)
PRJNA599502,SRR10848744,Petal,APSP_Petal2,different_colour_of_bud_and_petal,RNA_seq_data_for_two_different_colour_Brassica_napus_bud_and_petal_(within_orange_and_yellow)._CPSP:_C_Genetically_modified_material_(yellow_petal),_APSP:_A_Genetically_modified_material_(yellow_petal),_and_O271:_Transgenic_receptor_(orange_petal)
PRJNA599502,SRR10848743,Bud,APSP_Bud,different_colour_of_bud_and_petal,RNA_seq_data_for_two_different_colour_Brassica_napus_bud_and_petal_(within_orange_and_yellow)._CPSP:_C_Genetically_modified_material_(yellow_petal),_APSP:_A_Genetically_modified_material_(yellow_petal),_and_O271:_Transgenic_receptor_(orange_petal)
PRJNA599502,SRR10848742,Petal,APSP_Petal2,different_colour_of_bud_and_petal,RNA_seq_data_for_two_different_colour_Brassica_napus_bud_and_petal_(within_orange_and_yellow)._CPSP:_C_Genetically_modified_material_(yellow_petal),_APSP:_A_Genetically_modified_material_(yellow_petal),_and_O271:_Transgenic_receptor_(orange_petal)
PRJNA599502,SRR10848741,Petal,CPSP_Petal2,different_colour_of_bud_and_petal,RNA_seq_data_for_two_different_colour_Brassica_napus_bud_and_petal_(within_orange_and_yellow)._CPSP:_C_Genetically_modified_material_(yellow_petal),_APSP:_A_Genetically_modified_material_(yellow_petal),_and_O271:_Transgenic_receptor_(orange_petal)
PRJNA599502,SRR10848740,Petal,CPSP_Petal2,different_colour_of_bud_and_petal,RNA_seq_data_for_two_different_colour_Brassica_napus_bud_and_petal_(within_orange_and_yellow)._CPSP:_C_Genetically_modified_material_(yellow_petal),_APSP:_A_Genetically_modified_material_(yellow_petal),_and_O271:_Transgenic_receptor_(orange_petal)
PRJNA599502,SRR10848739,Petal,CPSP_Petal2,different_colour_of_bud_and_petal,RNA_seq_data_for_two_different_colour_Brassica_napus_bud_and_petal_(within_orange_and_yellow)._CPSP:_C_Genetically_modified_material_(yellow_petal),_APSP:_A_Genetically_modified_material_(yellow_petal),_and_O271:_Transgenic_receptor_(orange_petal)
PRJNA599502,SRR10848738,Petal,O271_Petal2,different_colour_of_bud_and_petal,RNA_seq_data_for_two_different_colour_Brassica_napus_bud_and_petal_(within_orange_and_yellow)._CPSP:_C_Genetically_modified_material_(yellow_petal),_APSP:_A_Genetically_modified_material_(yellow_petal),_and_O271:_Transgenic_receptor_(orange_petal)
PRJNA599502,SRR10848737,Petal,O271_Petal2,different_colour_of_bud_and_petal,RNA_seq_data_for_two_different_colour_Brassica_napus_bud_and_petal_(within_orange_and_yellow)._CPSP:_C_Genetically_modified_material_(yellow_petal),_APSP:_A_Genetically_modified_material_(yellow_petal),_and_O271:_Transgenic_receptor_(orange_petal)
PRJNA599502,SRR10848736,Petal,O271_Petal2,different_colour_of_bud_and_petal,RNA_seq_data_for_two_different_colour_Brassica_napus_bud_and_petal_(within_orange_and_yellow)._CPSP:_C_Genetically_modified_material_(yellow_petal),_APSP:_A_Genetically_modified_material_(yellow_petal),_and_O271:_Transgenic_receptor_(orange_petal)
PRJNA599502,SRR10848735,Bud,CPSP_Bud,different_colour_of_bud_and_petal,RNA_seq_data_for_two_different_colour_Brassica_napus_bud_and_petal_(within_orange_and_yellow)._CPSP:_C_Genetically_modified_material_(yellow_petal),_APSP:_A_Genetically_modified_material_(yellow_petal),_and_O271:_Transgenic_receptor_(orange_petal)
PRJNA599502,SRR10848734,Bud,CPSP_Bud,different_colour_of_bud_and_petal,RNA_seq_data_for_two_different_colour_Brassica_napus_bud_and_petal_(within_orange_and_yellow)._CPSP:_C_Genetically_modified_material_(yellow_petal),_APSP:_A_Genetically_modified_material_(yellow_petal),_and_O271:_Transgenic_receptor_(orange_petal)
PRJNA599502,SRR10848733,Bud,CPSP_Bud,different_colour_of_bud_and_petal,RNA_seq_data_for_two_different_colour_Brassica_napus_bud_and_petal_(within_orange_and_yellow)._CPSP:_C_Genetically_modified_material_(yellow_petal),_APSP:_A_Genetically_modified_material_(yellow_petal),_and_O271:_Transgenic_receptor_(orange_petal)
PRJNA599502,SRR10848732,Bud,O271_Bud,different_colour_of_bud_and_petal,RNA_seq_data_for_two_different_colour_Brassica_napus_bud_and_petal_(within_orange_and_yellow)._CPSP:_C_Genetically_modified_material_(yellow_petal),_APSP:_A_Genetically_modified_material_(yellow_petal),_and_O271:_Transgenic_receptor_(orange_petal)
PRJNA599502,SRR10848731,Bud,O271_Bud,different_colour_of_bud_and_petal,RNA_seq_data_for_two_different_colour_Brassica_napus_bud_and_petal_(within_orange_and_yellow)._CPSP:_C_Genetically_modified_material_(yellow_petal),_APSP:_A_Genetically_modified_material_(yellow_petal),_and_O271:_Transgenic_receptor_(orange_petal)
PRJNA599502,SRR10848730,Bud,O271_Bud,different_colour_of_bud_and_petal,RNA_seq_data_for_two_different_colour_Brassica_napus_bud_and_petal_(within_orange_and_yellow)._CPSP:_C_Genetically_modified_material_(yellow_petal),_APSP:_A_Genetically_modified_material_(yellow_petal),_and_O271:_Transgenic_receptor_(orange_petal)
PRJNA599502,SRR10848729,Petal,APSP_Petal1,different_colour_of_bud_and_petal,RNA_seq_data_for_two_different_colour_Brassica_napus_bud_and_petal_(within_orange_and_yellow)._CPSP:_C_Genetically_modified_material_(yellow_petal),_APSP:_A_Genetically_modified_material_(yellow_petal),_and_O271:_Transgenic_receptor_(orange_petal)
PRJNA578690,SRR10317710,shoot_apex,Apex_Heated,Vernalisation_and_floral_transition,Vernalisation_and_floral_transition_in_autumn_drive_winter_annual_life_history_in_oilseed_rape
PRJNA578690,SRR10317717,shoot_apex,Apex_Heated,Vernalisation_and_floral_transition,Vernalisation_and_floral_transition_in_autumn_drive_winter_annual_life_history_in_oilseed_rape
PRJNA578690,SRR10317738,shoot_apex,Apex_Heated,Vernalisation_and_floral_transition,Vernalisation_and_floral_transition_in_autumn_drive_winter_annual_life_history_in_oilseed_rape
PRJNA578690,SRR10317730,shoot_apex,Apex_UnHeated,Vernalisation_and_floral_transition,Vernalisation_and_floral_transition_in_autumn_drive_winter_annual_life_history_in_oilseed_rape
PRJNA578690,SRR10317750,shoot_apex,Apex_UnHeated,Vernalisation_and_floral_transition,Vernalisation_and_floral_transition_in_autumn_drive_winter_annual_life_history_in_oilseed_rape
PRJNA578690,SRR10317751,shoot_apex,Apex_UnHeated,Vernalisation_and_floral_transition,Vernalisation_and_floral_transition_in_autumn_drive_winter_annual_life_history_in_oilseed_rape
PRJNA578690,SRR10317735,shoot_apex,Time1,Vernalisation_and_floral_transition,Vernalisation_and_floral_transition_in_autumn_drive_winter_annual_life_history_in_oilseed_rape
PRJNA578690,SRR10317736,shoot_apex,Time1,Vernalisation_and_floral_transition,Vernalisation_and_floral_transition_in_autumn_drive_winter_annual_life_history_in_oilseed_rape
PRJNA578690,SRR10317737,shoot_apex,Time1,Vernalisation_and_floral_transition,Vernalisation_and_floral_transition_in_autumn_drive_winter_annual_life_history_in_oilseed_rape
PRJNA578690,SRR10317722,shoot_apex,Time10,Vernalisation_and_floral_transition,Vernalisation_and_floral_transition_in_autumn_drive_winter_annual_life_history_in_oilseed_rape
PRJNA578690,SRR10317723,shoot_apex,Time10,Vernalisation_and_floral_transition,Vernalisation_and_floral_transition_in_autumn_drive_winter_annual_life_history_in_oilseed_rape
PRJNA578690,SRR10317724,shoot_apex,Time10,Vernalisation_and_floral_transition,Vernalisation_and_floral_transition_in_autumn_drive_winter_annual_life_history_in_oilseed_rape
PRJNA578690,SRR10317719,shoot_apex,Time11,Vernalisation_and_floral_transition,Vernalisation_and_floral_transition_in_autumn_drive_winter_annual_life_history_in_oilseed_rape
PRJNA578690,SRR10317720,shoot_apex,Time11,Vernalisation_and_floral_transition,Vernalisation_and_floral_transition_in_autumn_drive_winter_annual_life_history_in_oilseed_rape
PRJNA578690,SRR10317721,shoot_apex,Time11,Vernalisation_and_floral_transition,Vernalisation_and_floral_transition_in_autumn_drive_winter_annual_life_history_in_oilseed_rape
PRJNA578690,SRR10317718,shoot_apex,Time12,Vernalisation_and_floral_transition,Vernalisation_and_floral_transition_in_autumn_drive_winter_annual_life_history_in_oilseed_rape
PRJNA578690,SRR10317742,shoot_apex,Time12,Vernalisation_and_floral_transition,Vernalisation_and_floral_transition_in_autumn_drive_winter_annual_life_history_in_oilseed_rape
PRJNA578690,SRR10317716,shoot_apex,Time12,Vernalisation_and_floral_transition,Vernalisation_and_floral_transition_in_autumn_drive_winter_annual_life_history_in_oilseed_rape
PRJNA578690,SRR10317739,shoot_apex,Time13,Vernalisation_and_floral_transition,Vernalisation_and_floral_transition_in_autumn_drive_winter_annual_life_history_in_oilseed_rape
PRJNA578690,SRR10317740,shoot_apex,Time13,Vernalisation_and_floral_transition,Vernalisation_and_floral_transition_in_autumn_drive_winter_annual_life_history_in_oilseed_rape
PRJNA578690,SRR10317741,shoot_apex,Time13,Vernalisation_and_floral_transition,Vernalisation_and_floral_transition_in_autumn_drive_winter_annual_life_history_in_oilseed_rape
PRJNA578690,SRR10317733,shoot_apex,Time2,Vernalisation_and_floral_transition,Vernalisation_and_floral_transition_in_autumn_drive_winter_annual_life_history_in_oilseed_rape
PRJNA578690,SRR10317748,shoot_apex,Time2,Vernalisation_and_floral_transition,Vernalisation_and_floral_transition_in_autumn_drive_winter_annual_life_history_in_oilseed_rape
PRJNA578690,SRR10317749,shoot_apex,Time2,Vernalisation_and_floral_transition,Vernalisation_and_floral_transition_in_autumn_drive_winter_annual_life_history_in_oilseed_rape
PRJNA578690,SRR10317745,shoot_apex,Time3,Vernalisation_and_floral_transition,Vernalisation_and_floral_transition_in_autumn_drive_winter_annual_life_history_in_oilseed_rape
PRJNA578690,SRR10317746,shoot_apex,Time3,Vernalisation_and_floral_transition,Vernalisation_and_floral_transition_in_autumn_drive_winter_annual_life_history_in_oilseed_rape
PRJNA578690,SRR10317747,shoot_apex,Time3,Vernalisation_and_floral_transition,Vernalisation_and_floral_transition_in_autumn_drive_winter_annual_life_history_in_oilseed_rape
PRJNA578690,SRR10317734,shoot_apex,Time4,Vernalisation_and_floral_transition,Vernalisation_and_floral_transition_in_autumn_drive_winter_annual_life_history_in_oilseed_rape
PRJNA578690,SRR10317743,shoot_apex,Time4,Vernalisation_and_floral_transition,Vernalisation_and_floral_transition_in_autumn_drive_winter_annual_life_history_in_oilseed_rape
PRJNA578690,SRR10317744,shoot_apex,Time4,Vernalisation_and_floral_transition,Vernalisation_and_floral_transition_in_autumn_drive_winter_annual_life_history_in_oilseed_rape
PRJNA578690,SRR10317731,shoot_apex,Time5,Vernalisation_and_floral_transition,Vernalisation_and_floral_transition_in_autumn_drive_winter_annual_life_history_in_oilseed_rape
PRJNA578690,SRR10317732,shoot_apex,Time5,Vernalisation_and_floral_transition,Vernalisation_and_floral_transition_in_autumn_drive_winter_annual_life_history_in_oilseed_rape
PRJNA578690,SRR10317729,shoot_apex,Time5,Vernalisation_and_floral_transition,Vernalisation_and_floral_transition_in_autumn_drive_winter_annual_life_history_in_oilseed_rape
PRJNA578690,SRR10317726,shoot_apex,Time6,Vernalisation_and_floral_transition,Vernalisation_and_floral_transition_in_autumn_drive_winter_annual_life_history_in_oilseed_rape
PRJNA578690,SRR10317727,shoot_apex,Time6,Vernalisation_and_floral_transition,Vernalisation_and_floral_transition_in_autumn_drive_winter_annual_life_history_in_oilseed_rape
PRJNA578690,SRR10317728,shoot_apex,Time6,Vernalisation_and_floral_transition,Vernalisation_and_floral_transition_in_autumn_drive_winter_annual_life_history_in_oilseed_rape
PRJNA578690,SRR10317725,shoot_apex,Time7,Vernalisation_and_floral_transition,Vernalisation_and_floral_transition_in_autumn_drive_winter_annual_life_history_in_oilseed_rape
PRJNA578690,SRR10317714,shoot_apex,Time7,Vernalisation_and_floral_transition,Vernalisation_and_floral_transition_in_autumn_drive_winter_annual_life_history_in_oilseed_rape
PRJNA578690,SRR10317715,shoot_apex,Time7,Vernalisation_and_floral_transition,Vernalisation_and_floral_transition_in_autumn_drive_winter_annual_life_history_in_oilseed_rape
PRJNA578690,SRR10317711,shoot_apex,Time8,Vernalisation_and_floral_transition,Vernalisation_and_floral_transition_in_autumn_drive_winter_annual_life_history_in_oilseed_rape
PRJNA578690,SRR10317712,shoot_apex,Time8,Vernalisation_and_floral_transition,Vernalisation_and_floral_transition_in_autumn_drive_winter_annual_life_history_in_oilseed_rape
PRJNA578690,SRR10317713,shoot_apex,Time8,Vernalisation_and_floral_transition,Vernalisation_and_floral_transition_in_autumn_drive_winter_annual_life_history_in_oilseed_rape
PRJNA578690,SRR10317707,shoot_apex,Time9,Vernalisation_and_floral_transition,Vernalisation_and_floral_transition_in_autumn_drive_winter_annual_life_history_in_oilseed_rape
PRJNA578690,SRR10317708,shoot_apex,Time9,Vernalisation_and_floral_transition,Vernalisation_and_floral_transition_in_autumn_drive_winter_annual_life_history_in_oilseed_rape
PRJNA578690,SRR10317709,shoot_apex,Time9,Vernalisation_and_floral_transition,Vernalisation_and_floral_transition_in_autumn_drive_winter_annual_life_history_in_oilseed_rape
PRJNA559661,SRR9944837,first_ture_leaf,ZS11_D11_FTL,carotene_biosynthesis_(leaf_top_shoot_cotyledon),The_transcriptomes_comparision_of_ZY_4_and_ZY_8_(two_variegated_mutants)_to_ZS11_(conventional_cultivar)_for_cotyledons_of_seven_days_after_seeded_(7_DAS),_shoot_meristem_of_7_DAS,_first_true_leaf_of_9_DAS,_first_true_leaf_of_11_DAS,_and_first_true_leaf_of_13_DAS_to_underestand_carotene_biosynthesis
PRJNA559661,SRR9944824,first_ture_leaf,ZS11_D11_FTL,carotene_biosynthesis_(leaf_top_shoot_cotyledon),The_transcriptomes_comparision_of_ZY_4_and_ZY_8_(two_variegated_mutants)_to_ZS11_(conventional_cultivar)_for_cotyledons_of_seven_days_after_seeded_(7_DAS),_shoot_meristem_of_7_DAS,_first_true_leaf_of_9_DAS,_first_true_leaf_of_11_DAS,_and_first_true_leaf_of_13_DAS_to_underestand_carotene_biosynthesis
PRJNA559661,SRR9944823,first_ture_leaf,ZS11_D11_FTL,carotene_biosynthesis_(leaf_top_shoot_cotyledon),The_transcriptomes_comparision_of_ZY_4_and_ZY_8_(two_variegated_mutants)_to_ZS11_(conventional_cultivar)_for_cotyledons_of_seven_days_after_seeded_(7_DAS),_shoot_meristem_of_7_DAS,_first_true_leaf_of_9_DAS,_first_true_leaf_of_11_DAS,_and_first_true_leaf_of_13_DAS_to_underestand_carotene_biosynthesis
PRJNA559661,SRR9944835,first_ture_leaf,ZY_4_D11_FTL,carotene_biosynthesis_(leaf_top_shoot_cotyledon),The_transcriptomes_comparision_of_ZY_4_and_ZY_8_(two_variegated_mutants)_to_ZS11_(conventional_cultivar)_for_cotyledons_of_seven_days_after_seeded_(7_DAS),_shoot_meristem_of_7_DAS,_first_true_leaf_of_9_DAS,_first_true_leaf_of_11_DAS,_and_first_true_leaf_of_13_DAS_to_underestand_carotene_biosynthesis
PRJNA559661,SRR9944846,first_ture_leaf,ZY_4_D11_FTL,carotene_biosynthesis_(leaf_top_shoot_cotyledon),The_transcriptomes_comparision_of_ZY_4_and_ZY_8_(two_variegated_mutants)_to_ZS11_(conventional_cultivar)_for_cotyledons_of_seven_days_after_seeded_(7_DAS),_shoot_meristem_of_7_DAS,_first_true_leaf_of_9_DAS,_first_true_leaf_of_11_DAS,_and_first_true_leaf_of_13_DAS_to_underestand_carotene_biosynthesis
PRJNA559661,SRR9944847,first_ture_leaf,ZY_4_D11_FTL,carotene_biosynthesis_(leaf_top_shoot_cotyledon),The_transcriptomes_comparision_of_ZY_4_and_ZY_8_(two_variegated_mutants)_to_ZS11_(conventional_cultivar)_for_cotyledons_of_seven_days_after_seeded_(7_DAS),_shoot_meristem_of_7_DAS,_first_true_leaf_of_9_DAS,_first_true_leaf_of_11_DAS,_and_first_true_leaf_of_13_DAS_to_underestand_carotene_biosynthesis
PRJNA559661,SRR9944816,first_ture_leaf,ZY_8_D11_FTL,carotene_biosynthesis_(leaf_top_shoot_cotyledon),The_transcriptomes_comparision_of_ZY_4_and_ZY_8_(two_variegated_mutants)_to_ZS11_(conventional_cultivar)_for_cotyledons_of_seven_days_after_seeded_(7_DAS),_shoot_meristem_of_7_DAS,_first_true_leaf_of_9_DAS,_first_true_leaf_of_11_DAS,_and_first_true_leaf_of_13_DAS_to_underestand_carotene_biosynthesis
PRJNA559661,SRR9944815,first_ture_leaf,ZY_8_D11_FTL,carotene_biosynthesis_(leaf_top_shoot_cotyledon),The_transcriptomes_comparision_of_ZY_4_and_ZY_8_(two_variegated_mutants)_to_ZS11_(conventional_cultivar)_for_cotyledons_of_seven_days_after_seeded_(7_DAS),_shoot_meristem_of_7_DAS,_first_true_leaf_of_9_DAS,_first_true_leaf_of_11_DAS,_and_first_true_leaf_of_13_DAS_to_underestand_carotene_biosynthesis
PRJNA559661,SRR9944818,first_ture_leaf,ZY_8_D11_FTL,carotene_biosynthesis_(leaf_top_shoot_cotyledon),The_transcriptomes_comparision_of_ZY_4_and_ZY_8_(two_variegated_mutants)_to_ZS11_(conventional_cultivar)_for_cotyledons_of_seven_days_after_seeded_(7_DAS),_shoot_meristem_of_7_DAS,_first_true_leaf_of_9_DAS,_first_true_leaf_of_11_DAS,_and_first_true_leaf_of_13_DAS_to_underestand_carotene_biosynthesis
PRJNA559661,SRR9944812,first_ture_leaf,ZS11_D13_FTL,carotene_biosynthesis_(leaf_top_shoot_cotyledon),The_transcriptomes_comparision_of_ZY_4_and_ZY_8_(two_variegated_mutants)_to_ZS11_(conventional_cultivar)_for_cotyledons_of_seven_days_after_seeded_(7_DAS),_shoot_meristem_of_7_DAS,_first_true_leaf_of_9_DAS,_first_true_leaf_of_11_DAS,_and_first_true_leaf_of_13_DAS_to_underestand_carotene_biosynthesis
PRJNA559661,SRR9944856,first_ture_leaf,ZS11_D13_FTL,carotene_biosynthesis_(leaf_top_shoot_cotyledon),The_transcriptomes_comparision_of_ZY_4_and_ZY_8_(two_variegated_mutants)_to_ZS11_(conventional_cultivar)_for_cotyledons_of_seven_days_after_seeded_(7_DAS),_shoot_meristem_of_7_DAS,_first_true_leaf_of_9_DAS,_first_true_leaf_of_11_DAS,_and_first_true_leaf_of_13_DAS_to_underestand_carotene_biosynthesis
PRJNA559661,SRR9944825,first_ture_leaf,ZS11_D13_FTL,carotene_biosynthesis_(leaf_top_shoot_cotyledon),The_transcriptomes_comparision_of_ZY_4_and_ZY_8_(two_variegated_mutants)_to_ZS11_(conventional_cultivar)_for_cotyledons_of_seven_days_after_seeded_(7_DAS),_shoot_meristem_of_7_DAS,_first_true_leaf_of_9_DAS,_first_true_leaf_of_11_DAS,_and_first_true_leaf_of_13_DAS_to_underestand_carotene_biosynthesis
PRJNA559661,SRR9944848,first_ture_leaf,ZY_4_D13_FTL,carotene_biosynthesis_(leaf_top_shoot_cotyledon),The_transcriptomes_comparision_of_ZY_4_and_ZY_8_(two_variegated_mutants)_to_ZS11_(conventional_cultivar)_for_cotyledons_of_seven_days_after_seeded_(7_DAS),_shoot_meristem_of_7_DAS,_first_true_leaf_of_9_DAS,_first_true_leaf_of_11_DAS,_and_first_true_leaf_of_13_DAS_to_underestand_carotene_biosynthesis
PRJNA559661,SRR9944849,first_ture_leaf,ZY_4_D13_FTL,carotene_biosynthesis_(leaf_top_shoot_cotyledon),The_transcriptomes_comparision_of_ZY_4_and_ZY_8_(two_variegated_mutants)_to_ZS11_(conventional_cultivar)_for_cotyledons_of_seven_days_after_seeded_(7_DAS),_shoot_meristem_of_7_DAS,_first_true_leaf_of_9_DAS,_first_true_leaf_of_11_DAS,_and_first_true_leaf_of_13_DAS_to_underestand_carotene_biosynthesis
PRJNA559661,SRR9944850,first_ture_leaf,ZY_4_D13_FTL,carotene_biosynthesis_(leaf_top_shoot_cotyledon),The_transcriptomes_comparision_of_ZY_4_and_ZY_8_(two_variegated_mutants)_to_ZS11_(conventional_cultivar)_for_cotyledons_of_seven_days_after_seeded_(7_DAS),_shoot_meristem_of_7_DAS,_first_true_leaf_of_9_DAS,_first_true_leaf_of_11_DAS,_and_first_true_leaf_of_13_DAS_to_underestand_carotene_biosynthesis
PRJNA559661,SRR9944817,first_ture_leaf,ZY_8_D13_FTL,carotene_biosynthesis_(leaf_top_shoot_cotyledon),The_transcriptomes_comparision_of_ZY_4_and_ZY_8_(two_variegated_mutants)_to_ZS11_(conventional_cultivar)_for_cotyledons_of_seven_days_after_seeded_(7_DAS),_shoot_meristem_of_7_DAS,_first_true_leaf_of_9_DAS,_first_true_leaf_of_11_DAS,_and_first_true_leaf_of_13_DAS_to_underestand_carotene_biosynthesis
PRJNA559661,SRR9944814,first_ture_leaf,ZY_8_D13_FTL,carotene_biosynthesis_(leaf_top_shoot_cotyledon),The_transcriptomes_comparision_of_ZY_4_and_ZY_8_(two_variegated_mutants)_to_ZS11_(conventional_cultivar)_for_cotyledons_of_seven_days_after_seeded_(7_DAS),_shoot_meristem_of_7_DAS,_first_true_leaf_of_9_DAS,_first_true_leaf_of_11_DAS,_and_first_true_leaf_of_13_DAS_to_underestand_carotene_biosynthesis
PRJNA559661,SRR9944813,first_ture_leaf,ZY_8_D13_FTL,carotene_biosynthesis_(leaf_top_shoot_cotyledon),The_transcriptomes_comparision_of_ZY_4_and_ZY_8_(two_variegated_mutants)_to_ZS11_(conventional_cultivar)_for_cotyledons_of_seven_days_after_seeded_(7_DAS),_shoot_meristem_of_7_DAS,_first_true_leaf_of_9_DAS,_first_true_leaf_of_11_DAS,_and_first_true_leaf_of_13_DAS_to_underestand_carotene_biosynthesis
PRJNA559661,SRR9944843,top_shoot,ZS11_D7_TSH,carotene_biosynthesis_(leaf_top_shoot_cotyledon),The_transcriptomes_comparision_of_ZY_4_and_ZY_8_(two_variegated_mutants)_to_ZS11_(conventional_cultivar)_for_cotyledons_of_seven_days_after_seeded_(7_DAS),_shoot_meristem_of_7_DAS,_first_true_leaf_of_9_DAS,_first_true_leaf_of_11_DAS,_and_first_true_leaf_of_13_DAS_to_underestand_carotene_biosynthesis
PRJNA559661,SRR9944840,top_shoot,ZS11_D7_TSH,carotene_biosynthesis_(leaf_top_shoot_cotyledon),The_transcriptomes_comparision_of_ZY_4_and_ZY_8_(two_variegated_mutants)_to_ZS11_(conventional_cultivar)_for_cotyledons_of_seven_days_after_seeded_(7_DAS),_shoot_meristem_of_7_DAS,_first_true_leaf_of_9_DAS,_first_true_leaf_of_11_DAS,_and_first_true_leaf_of_13_DAS_to_underestand_carotene_biosynthesis
PRJNA559661,SRR9944841,top_shoot,ZS11_D7_TSH,carotene_biosynthesis_(leaf_top_shoot_cotyledon),The_transcriptomes_comparision_of_ZY_4_and_ZY_8_(two_variegated_mutants)_to_ZS11_(conventional_cultivar)_for_cotyledons_of_seven_days_after_seeded_(7_DAS),_shoot_meristem_of_7_DAS,_first_true_leaf_of_9_DAS,_first_true_leaf_of_11_DAS,_and_first_true_leaf_of_13_DAS_to_underestand_carotene_biosynthesis
PRJNA559661,SRR9944833,top_shoot,ZY_4_D7_TSH,carotene_biosynthesis_(leaf_top_shoot_cotyledon),The_transcriptomes_comparision_of_ZY_4_and_ZY_8_(two_variegated_mutants)_to_ZS11_(conventional_cultivar)_for_cotyledons_of_seven_days_after_seeded_(7_DAS),_shoot_meristem_of_7_DAS,_first_true_leaf_of_9_DAS,_first_true_leaf_of_11_DAS,_and_first_true_leaf_of_13_DAS_to_underestand_carotene_biosynthesis
PRJNA559661,SRR9944826,top_shoot,ZY_4_D7_TSH,carotene_biosynthesis_(leaf_top_shoot_cotyledon),The_transcriptomes_comparision_of_ZY_4_and_ZY_8_(two_variegated_mutants)_to_ZS11_(conventional_cultivar)_for_cotyledons_of_seven_days_after_seeded_(7_DAS),_shoot_meristem_of_7_DAS,_first_true_leaf_of_9_DAS,_first_true_leaf_of_11_DAS,_and_first_true_leaf_of_13_DAS_to_underestand_carotene_biosynthesis
PRJNA559661,SRR9944827,top_shoot,ZY_4_D7_TSH,carotene_biosynthesis_(leaf_top_shoot_cotyledon),The_transcriptomes_comparision_of_ZY_4_and_ZY_8_(two_variegated_mutants)_to_ZS11_(conventional_cultivar)_for_cotyledons_of_seven_days_after_seeded_(7_DAS),_shoot_meristem_of_7_DAS,_first_true_leaf_of_9_DAS,_first_true_leaf_of_11_DAS,_and_first_true_leaf_of_13_DAS_to_underestand_carotene_biosynthesis
PRJNA559661,SRR9944854,top_shoot,ZY_8_D7_TSH,carotene_biosynthesis_(leaf_top_shoot_cotyledon),The_transcriptomes_comparision_of_ZY_4_and_ZY_8_(two_variegated_mutants)_to_ZS11_(conventional_cultivar)_for_cotyledons_of_seven_days_after_seeded_(7_DAS),_shoot_meristem_of_7_DAS,_first_true_leaf_of_9_DAS,_first_true_leaf_of_11_DAS,_and_first_true_leaf_of_13_DAS_to_underestand_carotene_biosynthesis
PRJNA559661,SRR9944855,top_shoot,ZY_8_D7_TSH,carotene_biosynthesis_(leaf_top_shoot_cotyledon),The_transcriptomes_comparision_of_ZY_4_and_ZY_8_(two_variegated_mutants)_to_ZS11_(conventional_cultivar)_for_cotyledons_of_seven_days_after_seeded_(7_DAS),_shoot_meristem_of_7_DAS,_first_true_leaf_of_9_DAS,_first_true_leaf_of_11_DAS,_and_first_true_leaf_of_13_DAS_to_underestand_carotene_biosynthesis
PRJNA559661,SRR9944820,top_shoot,ZY_8_D7_TSH,carotene_biosynthesis_(leaf_top_shoot_cotyledon),The_transcriptomes_comparision_of_ZY_4_and_ZY_8_(two_variegated_mutants)_to_ZS11_(conventional_cultivar)_for_cotyledons_of_seven_days_after_seeded_(7_DAS),_shoot_meristem_of_7_DAS,_first_true_leaf_of_9_DAS,_first_true_leaf_of_11_DAS,_and_first_true_leaf_of_13_DAS_to_underestand_carotene_biosynthesis
PRJNA559661,SRR9944838,first_ture_leaf,ZS11_D9_FTL,carotene_biosynthesis_(leaf_top_shoot_cotyledon),The_transcriptomes_comparision_of_ZY_4_and_ZY_8_(two_variegated_mutants)_to_ZS11_(conventional_cultivar)_for_cotyledons_of_seven_days_after_seeded_(7_DAS),_shoot_meristem_of_7_DAS,_first_true_leaf_of_9_DAS,_first_true_leaf_of_11_DAS,_and_first_true_leaf_of_13_DAS_to_underestand_carotene_biosynthesis
PRJNA559661,SRR9944839,first_ture_leaf,ZS11_D9_FTL,carotene_biosynthesis_(leaf_top_shoot_cotyledon),The_transcriptomes_comparision_of_ZY_4_and_ZY_8_(two_variegated_mutants)_to_ZS11_(conventional_cultivar)_for_cotyledons_of_seven_days_after_seeded_(7_DAS),_shoot_meristem_of_7_DAS,_first_true_leaf_of_9_DAS,_first_true_leaf_of_11_DAS,_and_first_true_leaf_of_13_DAS_to_underestand_carotene_biosynthesis
PRJNA559661,SRR9944836,first_ture_leaf,ZS11_D9_FTL,carotene_biosynthesis_(leaf_top_shoot_cotyledon),The_transcriptomes_comparision_of_ZY_4_and_ZY_8_(two_variegated_mutants)_to_ZS11_(conventional_cultivar)_for_cotyledons_of_seven_days_after_seeded_(7_DAS),_shoot_meristem_of_7_DAS,_first_true_leaf_of_9_DAS,_first_true_leaf_of_11_DAS,_and_first_true_leaf_of_13_DAS_to_underestand_carotene_biosynthesis
PRJNA559661,SRR9944828,first_ture_leaf,ZY_4_D9_FTL,carotene_biosynthesis_(leaf_top_shoot_cotyledon),The_transcriptomes_comparision_of_ZY_4_and_ZY_8_(two_variegated_mutants)_to_ZS11_(conventional_cultivar)_for_cotyledons_of_seven_days_after_seeded_(7_DAS),_shoot_meristem_of_7_DAS,_first_true_leaf_of_9_DAS,_first_true_leaf_of_11_DAS,_and_first_true_leaf_of_13_DAS_to_underestand_carotene_biosynthesis
PRJNA559661,SRR9944829,first_ture_leaf,ZY_4_D9_FTL,carotene_biosynthesis_(leaf_top_shoot_cotyledon),The_transcriptomes_comparision_of_ZY_4_and_ZY_8_(two_variegated_mutants)_to_ZS11_(conventional_cultivar)_for_cotyledons_of_seven_days_after_seeded_(7_DAS),_shoot_meristem_of_7_DAS,_first_true_leaf_of_9_DAS,_first_true_leaf_of_11_DAS,_and_first_true_leaf_of_13_DAS_to_underestand_carotene_biosynthesis
PRJNA559661,SRR9944834,first_ture_leaf,ZY_4_D9_FTL,carotene_biosynthesis_(leaf_top_shoot_cotyledon),The_transcriptomes_comparision_of_ZY_4_and_ZY_8_(two_variegated_mutants)_to_ZS11_(conventional_cultivar)_for_cotyledons_of_seven_days_after_seeded_(7_DAS),_shoot_meristem_of_7_DAS,_first_true_leaf_of_9_DAS,_first_true_leaf_of_11_DAS,_and_first_true_leaf_of_13_DAS_to_underestand_carotene_biosynthesis
PRJNA559661,SRR9944819,first_ture_leaf,ZY_8_D9_FTL,carotene_biosynthesis_(leaf_top_shoot_cotyledon),The_transcriptomes_comparision_of_ZY_4_and_ZY_8_(two_variegated_mutants)_to_ZS11_(conventional_cultivar)_for_cotyledons_of_seven_days_after_seeded_(7_DAS),_shoot_meristem_of_7_DAS,_first_true_leaf_of_9_DAS,_first_true_leaf_of_11_DAS,_and_first_true_leaf_of_13_DAS_to_underestand_carotene_biosynthesis
PRJNA559661,SRR9944822,first_ture_leaf,ZY_8_D9_FTL,carotene_biosynthesis_(leaf_top_shoot_cotyledon),The_transcriptomes_comparision_of_ZY_4_and_ZY_8_(two_variegated_mutants)_to_ZS11_(conventional_cultivar)_for_cotyledons_of_seven_days_after_seeded_(7_DAS),_shoot_meristem_of_7_DAS,_first_true_leaf_of_9_DAS,_first_true_leaf_of_11_DAS,_and_first_true_leaf_of_13_DAS_to_underestand_carotene_biosynthesis
PRJNA559661,SRR9944821,first_ture_leaf,ZY_8_D9_FTL,carotene_biosynthesis_(leaf_top_shoot_cotyledon),The_transcriptomes_comparision_of_ZY_4_and_ZY_8_(two_variegated_mutants)_to_ZS11_(conventional_cultivar)_for_cotyledons_of_seven_days_after_seeded_(7_DAS),_shoot_meristem_of_7_DAS,_first_true_leaf_of_9_DAS,_first_true_leaf_of_11_DAS,_and_first_true_leaf_of_13_DAS_to_underestand_carotene_biosynthesis
PRJNA559661,SRR9944844,cotyledon,ZS11_D7_CO,carotene_biosynthesis_(leaf_top_shoot_cotyledon),The_transcriptomes_comparision_of_ZY_4_and_ZY_8_(two_variegated_mutants)_to_ZS11_(conventional_cultivar)_for_cotyledons_of_seven_days_after_seeded_(7_DAS),_shoot_meristem_of_7_DAS,_first_true_leaf_of_9_DAS,_first_true_leaf_of_11_DAS,_and_first_true_leaf_of_13_DAS_to_underestand_carotene_biosynthesis
PRJNA559661,SRR9944845,cotyledon,ZS11_D7_CO,carotene_biosynthesis_(leaf_top_shoot_cotyledon),The_transcriptomes_comparision_of_ZY_4_and_ZY_8_(two_variegated_mutants)_to_ZS11_(conventional_cultivar)_for_cotyledons_of_seven_days_after_seeded_(7_DAS),_shoot_meristem_of_7_DAS,_first_true_leaf_of_9_DAS,_first_true_leaf_of_11_DAS,_and_first_true_leaf_of_13_DAS_to_underestand_carotene_biosynthesis
PRJNA559661,SRR9944842,cotyledon,ZS11_D7_CO,carotene_biosynthesis_(leaf_top_shoot_cotyledon),The_transcriptomes_comparision_of_ZY_4_and_ZY_8_(two_variegated_mutants)_to_ZS11_(conventional_cultivar)_for_cotyledons_of_seven_days_after_seeded_(7_DAS),_shoot_meristem_of_7_DAS,_first_true_leaf_of_9_DAS,_first_true_leaf_of_11_DAS,_and_first_true_leaf_of_13_DAS_to_underestand_carotene_biosynthesis
PRJNA559661,SRR9944830,cotyledon,ZY_4_D7_CO,carotene_biosynthesis_(leaf_top_shoot_cotyledon),The_transcriptomes_comparision_of_ZY_4_and_ZY_8_(two_variegated_mutants)_to_ZS11_(conventional_cultivar)_for_cotyledons_of_seven_days_after_seeded_(7_DAS),_shoot_meristem_of_7_DAS,_first_true_leaf_of_9_DAS,_first_true_leaf_of_11_DAS,_and_first_true_leaf_of_13_DAS_to_underestand_carotene_biosynthesis
PRJNA559661,SRR9944831,cotyledon,ZY_4_D7_CO,carotene_biosynthesis_(leaf_top_shoot_cotyledon),The_transcriptomes_comparision_of_ZY_4_and_ZY_8_(two_variegated_mutants)_to_ZS11_(conventional_cultivar)_for_cotyledons_of_seven_days_after_seeded_(7_DAS),_shoot_meristem_of_7_DAS,_first_true_leaf_of_9_DAS,_first_true_leaf_of_11_DAS,_and_first_true_leaf_of_13_DAS_to_underestand_carotene_biosynthesis
PRJNA559661,SRR9944832,cotyledon,ZY_4_D7_CO,carotene_biosynthesis_(leaf_top_shoot_cotyledon),The_transcriptomes_comparision_of_ZY_4_and_ZY_8_(two_variegated_mutants)_to_ZS11_(conventional_cultivar)_for_cotyledons_of_seven_days_after_seeded_(7_DAS),_shoot_meristem_of_7_DAS,_first_true_leaf_of_9_DAS,_first_true_leaf_of_11_DAS,_and_first_true_leaf_of_13_DAS_to_underestand_carotene_biosynthesis
PRJNA559661,SRR9944851,cotyledon,ZY_8_D7_CO,carotene_biosynthesis_(leaf_top_shoot_cotyledon),The_transcriptomes_comparision_of_ZY_4_and_ZY_8_(two_variegated_mutants)_to_ZS11_(conventional_cultivar)_for_cotyledons_of_seven_days_after_seeded_(7_DAS),_shoot_meristem_of_7_DAS,_first_true_leaf_of_9_DAS,_first_true_leaf_of_11_DAS,_and_first_true_leaf_of_13_DAS_to_underestand_carotene_biosynthesis
PRJNA559661,SRR9944852,cotyledon,ZY_8_D7_CO,carotene_biosynthesis_(leaf_top_shoot_cotyledon),The_transcriptomes_comparision_of_ZY_4_and_ZY_8_(two_variegated_mutants)_to_ZS11_(conventional_cultivar)_for_cotyledons_of_seven_days_after_seeded_(7_DAS),_shoot_meristem_of_7_DAS,_first_true_leaf_of_9_DAS,_first_true_leaf_of_11_DAS,_and_first_true_leaf_of_13_DAS_to_underestand_carotene_biosynthesis
PRJNA559661,SRR9944853,cotyledon,ZY_8_D7_CO,carotene_biosynthesis_(leaf_top_shoot_cotyledon),The_transcriptomes_comparision_of_ZY_4_and_ZY_8_(two_variegated_mutants)_to_ZS11_(conventional_cultivar)_for_cotyledons_of_seven_days_after_seeded_(7_DAS),_shoot_meristem_of_7_DAS,_first_true_leaf_of_9_DAS,_first_true_leaf_of_11_DAS,_and_first_true_leaf_of_13_DAS_to_underestand_carotene_biosynthesis